threat_name,summary,tags,date
noberus,"Firma Symantec zaobserwowała nowe ataki z wykorzystaniem oprogramowania ransomware Noberus (ALPHV/BlackCat). Jedenaście dni przed próbą wdrożenia oprogramowania ransomware w siec i ofiary zaobserwowano darmowe narzędzie do skanowania sieci Advanced Port Scanner. To narzędzie podwójnego zastosowania zostało prawdopodobnie wykorzystane przez aktorów zagrożeń do rozp oznania wczesnego etapu. Podmioty wykorzystały iisrstas.exe, legalny proces związany z Internet Information Services (IIS) firmy Microsoft. Proces iisrstas.exe może zostać wykorzystany do  wymuszonego zabicia usługi IIS, usługi IISADMIN i/lub dowolnego procesu hostującego binarkę iisw3adm.dll. Napastnicy prawdopodobnie zrobili to, aby zapewnić pomyślne zaszyfrowanie danych . Z nieznanych jeszcze powodów, osoby stanowiące zagrożenie wykorzystały Citrix WinFrame Shell do uruchomienia programu Excel.exe, po czym natychmiast wykonało się oprogramowanie ransomwa re Noberus.","windows,ransomware",2022-02-23
deeppanda_log4shell,"During the past month, FortiEDR detected a campaign by Deep Panda, a Chinese APT group. The group exploited the infamous Log4Shell vulnerability in VMware Horizon servers. The nature of targeting was opportunistic insofar that multiple infections in several countries and various sectors occurred on the same dates.Deep Panda deployed a backdoor on the infected machines. Following from the backdoor led us to discover a novel kernel rootkit signed with a stolen digital certificate.",windows,2022-04-05
emotet,"Emotet pojawił się po raz pierwszy w 2014 roku jako prosty trojan bankowy. Od tego czasu przekształcił się w jedną z najniebezpieczniejszych operacji botnetowych w krajobrazie zagrożeń. Ataki Emotet wykorzystują kampanie phishingowe, aby nakłonić organizacje do zainfekowania się złośliwym oprogramowaniem. Zazwyczaj wiadomości phishingowe zawierają załączone pliki firmy Microsoft zawierające niebezpieczne makra. Po uruchomieniu makra rozprzestrzeniają infekcję Emotet w sieci połączonych urządzeń, tworząc sieć robotów lub „botnet”.","phishing",2023-04-07
pandora_ransomware,"Oprogramowanie ransomware Pandora zawiera wszystkie najważniejsze funkcje, które zwykle zawierają najnowocześniejsze próbki oprogramowania ransomware. Poziom zaciemniania w celu spowolnienia analizy jest bardziej zaawansowany niż przeciętne złośliwe oprogramowanie. Grupa ransomware Pandora celuje w sieci korporacyjne w celu uzyskania korzyści finansowych.",windows,2023-04-07
HermeticWiper,"Nowa forma złośliwego oprogramowania wymazującego dyski (Trojan.Killdisk) została wykorzystana do zaatakowania organizacji na Ukrainie na krótko przed rozpoczęciem rosyjskiej inwazji dziś rano (24 lutego). Firma Symantec, oddział firmy Broadcom Software, znalazła również dowody na ataki typu ""wiper"" na maszyny na Litwie. Wśród zaatakowanych sektorów znalazły się organizacje z sektora finansowego, obronnego, lotniczego oraz usług informatycznych.  Trojan.Killdisk ma postać pliku wykonywalnego, który jest podpisany certyfikatem wydanym przez firmę Hermetica Digital Ltd. Trojan.Killdisk zawiera 32-bitowe i 64-bitowe sterowniki. Zawiera on 32-bitowe i 64-bitowe pliki sterowników, które są skompresowane algorytmem Lempel-Ziv i zapisane w sekcji zasobów. Pliki sterowników są podpisane certyfikatem wystawionym dla EaseUS Partition Master. Szkodliwe oprogramowanie zrzuca odpowiedni plik w zależności od wersji systemu operacyjnego zainfekowanego systemu. Nazwy plików sterowników są generowane przy użyciu identyfikatora procesu wipera.  Po uruchomieniu wiper uszkadza główny rekord rozruchowy (Master Boot Record, MBR) zainfekowanego komputera, uniemożliwiając jego działanie. Nie wydaje się, aby wiper posiadał jakiekolwiek dodatkowe funkcje poza możliwościami destrukcyjnymi.","windows,ransomware",2022-02-24
CyclopsBlink,"Cyclops Blink jest złośliwym plikiem wykonywalnym ELF dla systemu Linux, skompilowanym dla 32-bitowej architektury PowerPC (big-endian). architektury. Analizy NCSC, FBI, CISA, NSA i przemysłu powiązały go z botnetem na dużą skalę skierowanym na urządzenia sieciowe typu Small Office/Home Office (SOHO). Ten botnet jest aktywny co najmniej od co najmniej od czerwca 2019 r., wpływając na WatchGuard Firebox i prawdopodobnie inne urządzenia sieciowe SOHO","linux,web",2022-02-25
conti,"Agencja Bezpieczeństwa Cybernetycznego i Infrastruktury (CISA) oraz Federalne Biuro Śledcze (FBI) zaobserwowały zwiększone wykorzystanie oprogramowania ransomware Conti w ponad 400 atakach na organizacje amerykańskie i międzynarodowe. (Patrz FBI Flash: Ataki Conti Ransomware wpływają na sieci służby zdrowia i służb szybkiego reagowania). W typowych atakach ransomware Conti złośliwi cyberaktywiści kradną pliki, szyfrują serwery i stacje robocze, a następnie żądają zapłacenia okupu.   Aby zabezpieczyć systemy przed oprogramowaniem Conti ransomware, CISA, FBI oraz Agencja Bezpieczeństwa Narodowego (NSA) zalecają wdrożenie środków zaradczych opisanych w niniejszym poradniku, które obejmują wymóg wieloczynnikowego uwierzytelniania (MFA), segmentację sieci oraz aktualizację systemów operacyjnych i oprogramowania.","windows,ransomware",2022-02-28
Russia-Ukraine,"Ataki związane z wojną między Rosją, a Ukrainą","phishing,windows,office",2024-06-28
Botnet_Zloader,"Zloader zaczynał jako trojan bankowy, ale ostatnio ewoluował, by stać się dystrybutorem kilku rodzin złośliwego oprogramowania, w tym różnych rodzin oprogramowania ransomware.  Zloader był używany przez różne grupy stowarzyszone, a każda z nich stosowała inne podejście do dystrybucji szkodliwego oprogramowania, w tym:  Zestaw exploitów RIG Wiadomości spamowe o tematyce COVID-19 z dołączonymi złośliwymi dokumentami Microsoft Word Warianty fałszywych wiadomości e-mail zawierających spam ze złośliwymi makrami XLS Niewłaściwe użycie Google Ads","phishing",2022-04-25
emotet_maldoc,ransom email vector,"phishing",2022-04-25
emotet_april,"26 kwietnia 2022 r. zauważono nową kampanię Emotet, w której zwykły system dostarczania pakietu Office został zastąpiony plikami LNK, w wyraźnej odpowiedzi na ochronę VBA uruchomioną przez Microsoft. Badacze znaleźli 139 różnych plików LNK, które są częścią tej samej kampanii, dostarczając dwa różne ładunki, które korzystają z tej samej infrastruktury C2.","phishing",2022-05-24
mustang_panda,"W lutym 2022 r., mniej więcej w momencie rozpoczęcia rosyjskiej inwazji na Ukrainę, Cisco Talos zaczął obserwować, jak działający w Chinach gracz Mustang Panda przeprowadza kampanie phishingowe przeciwko europejskim podmiotom, w tym organizacjom rosyjskim. Niektóre wiadomości phishingowe zawierają złośliwe przynęty podszywające się pod oficjalne raporty Unii Europejskiej na temat konfliktu na Ukrainie i jego skutków dla krajów NATO. Inne wiadomości phishingowe dostarczają fałszywe „oficjalne” raporty rządu ukraińskiego, z których oba pobierają złośliwe oprogramowanie na zhakowane maszyny.","phishing",2022-05-24
quantum_locker,"The Quantum Locker to odmiana oprogramowania ransomware, która została po raz pierwszy wykryta w lipcu 2021 roku. Od tego czasu oprogramowanie ransomware było wykorzystywane w szybkich atakach ransomware, w niektórych przypadkach nawet w czasie krótszym niż 4 godziny, pozostawiając obrońcom niewiele czasu na reakcje.","ransomware,mail",2022-06-01
follina,"Badacze cyberbezpieczeństwa opracowali błąd dnia zerowego w pakiecie Microsoft Office, który może zostać wykorzystany do uzyskania wykonania dowolnego kodu na dotkniętych nim systemach Windows. Technika ta jest wykorzystywana przez MSDT (Microsoft Diagnostics Tool) i Microsoft Office Utilities. Wiele się tu dzieje, ale pierwszym problemem jest to, że Microsoft Word wykonuje kod za pomocą msdt (narzędzia wsparcia), nawet jeśli makra są wyłączone.","phishing",2022-06-08
droppers,"Droppery to złośliwe pliki, które umieszczają ładunki złośliwego oprogramowania na urządzeniu ofiary i są wykorzystywane w wielu kampaniach dotyczących zagrożeń. W drugim kwartale 2022 r. FortiGuard Labs zaobserwował kilka aktywnych dropperów, w tym pliki Microsoft Excel, a także pliki skrótów Windows i pliki obrazów ISO","office",2022-07-19
evilnum,"Researchers identified several instances of their low-volume targeted attack campaigns launched against the UK and Europe. In earlier campaigns observed in 2021, the main distribution vector used by this threat group was Windows Shortcut files (LNK) sent inside malicious archive files (ZIP) as email attachments in spear phishing emails to the victims. In the most recent instances, the threat actor has started using MS Office Word documents, leveraging document template injection to deliver the malicious payload to the victims’ machines.","phishing",2022-07-19
AiTM_phishing,"A large-scale phishing campaign that used adversary-in-the-middle (AiTM) phishing sites stole passwords, hijacked a user’s sign-in session, and skipped the authentication process even if the user had enabled multifactor authentication (MFA). The attackers then used the stolen credentials and session cookies to access affected users’ mailboxes and perform follow-on business email compromise (BEC) campaigns against other targets.","phishing",2022-07-19
trellix_RAT,"The Trellix Email Security Research Team has discovered a malicious campaign targeting government agencies of Afghanistan, India, Italy, Poland, and the United States since 2021. The attack starts with a spear phishing email with a geo-political theme. The spear phishing emails were themed around India Afghanistan relationship. Attacker used politics as a lure to trick users into clicking on a malicious link. The email used for this phishing attack contains an attachment or a weaponized URL that delivers an Excel sheet.","phishing",2022-07-19
qakbot,"FortiGuard Labs firmy Fortinet przechwycił wiadomość phishingową w ramach kampanii phishingowej rozpowszechniającej nowy wariant QakBot. Znany również jako QBot, QuackBot lub Pinkslipbot, QakBot to złodziej informacji i trojan bankowy, który jest przechwytywany i analizowany przez badaczy bezpieczeństwa od 2007 roku.","phishing",2022-08-25
Bumblebee,"Niedawno badacze z CTU™ zaobserwowali, że złośliwe oprogramowanie Bumblebee jest dystrybuowane za pośrednictwem trojanizowanych instalatorów popularnych programów, takich jak Zoom, Cisco AnyConnect, ChatGPT i Citrix Workspace. Bumblebee to modułowy program ładujący, który w przeszłości był dystrybuowany głównie za pośrednictwem phishingu i był używany do dostarczania ładunków często związanych z wdrożeniami oprogramowania ransomware.","phishing",2023-04-21
Monster_Libra,"Monster Libra jest najnowszym aktorem zajmującym się zagrożeniami, który wpycha złośliwe oprogramowanie do systemu operacyjnego Windows, a ta infekcja doprowadziła do Dark VNC i Cobalt Strike, a także szeregu innych infekcji.",,2022-09-06
Qbot,"QBOT, znany również jako QAKBOT, to modułowy trojan aktywny od 2007 roku, używany do pobierania i uruchamiania plików binarnych na docelowej maszynie. QBOT to wieloetapowy, wieloprocesowy plik binarny, który umożliwia unikanie wykrywania, zwiększanie uprawnień, konfigurowanie trwałości i komunikowanie się z C2 za pośrednictwem zestawu adresów IP. C2 może aktualizować QBOT, ładować nowe adresy IP, ładować i uruchamiać bezplikowe binaria oraz wykonywać polecenia powłoki.",,2023-05-21
REvil_Ransomware,"W kwietniu 2019 roku pojawiły się pierwsze wersje ransomware REvil aka Sodinokibi. Rodzina ransomware pokrywa się z rodziną ransomware GandCrab z perspektywy elementów kodu. Oprogramowanie ransomware jest rozpowszechniane za pomocą spear-phishingu połączonego z uzbrojonymi dokumentami, PowerShell, plikami bat, zestawami exploitów i wykorzystuje luki w zabezpieczeniach firmy Microsoft. W niektórych przypadkach partnerzy kupują dostęp RDP lub brutalną siłę dla podatnych na ataki serwerów RDP. Po aktywacji złośliwego oprogramowania wstrzykuje plik wykonywalny do pamięci. Oprogramowanie ransomware jest dystrybuowane przez podmioty stowarzyszone, które atakują różne sektory, cele i lokalizacje geograficzne.",,2022-09-28
Lockbit,"Zespół ASEC ustalił, że ransomware LockBit 3.0 jest dystrybuowane w formacie NSIS oraz w formacie dokumentu Word, podobnie jak w poprzednich przypadkach, w których ransomware było rozpowszechniane pod postacią aplikacji do pracy.","phishing",2023-03-01
Cranefly,"Firma Symantec, od firmy Broadcom Software , odkryła wcześniej nieudokumentowany dropper, który jest używany do instalowania nowego backdoora i innych narzędzi przy użyciu nowatorskiej techniki odczytywania poleceń z pozornie nieszkodliwych dzienników Internetowych usług informacyjnych (IIS).Dropper (Trojan.Geppei) jest używany przez aktora, który Symantec nazywa Cranefly w celu zainstalowania innego, dotychczas nieudokumentowanego złośliwego oprogramowania (Trojan.Danfuan) i innych narzędzi. Technika odczytywania poleceń z dzienników IIS nie jest dotychczas wykorzystywana przez badaczy firmy Symantec w rzeczywistych atakach.",,2022-11-09
Exbyte,"Exbyte to najnowsze narzędzie opracowane przez atakujących ransomware w celu przyspieszenia kradzieży danych od ofiar.Zespół łowców zagrożeń firmy Symantec odkrył, że co najmniej jeden podmiot stowarzyszony z operacją ransomware BlackByte (Ransom.Blackbyte) zaczął używać podczas swoich ataków niestandardowego narzędzia do eksfiltracji danych. Szkodnik (Infostealer.Exbyte) ma na celu przyspieszenie kradzieży danych z sieci ofiary i przesłanie ich na zewnętrzny serwer.BlackByte to operacja typu ransomware jako usługa prowadzona przez grupę cyberprzestępczą, którą Symantec nazywa Hecamede. Grupa zwróciła uwagę opinii publicznej w lutym 2022 r., kiedy Federalne Biuro Śledcze (FBI) wydało ostrzeżenie , że BlackByte został użyty do ataku na wiele podmiotów w Stanach Zjednoczonych, w tym organizacje w co najmniej trzech sektorach infrastruktury krytycznej. W ostatnich miesiącach BlackByte stał się jednym z najczęściej używanych ładunków w atakach ransomware.",,2022-11-14
emotet_november,"Emotet to wszechobecny i dobrze znany trojan bankowy, który przez lata ewoluował, aby stać się odnoszącym sukcesy modułowym botnetem, zdolnym do usuwania wielu innych zagrożeń. Nawet po globalnej kampanii eliminacji na początku 2021 r., która zakłóciła działanie botnetu, pojawił się ponownie w tym samym roku, odbudowując swoją infrastrukturę i stając się bardzo aktywnym w krótkim czasie. Emotet powraca z nową kampanią prezentującą wiele cech starszych przebiegów, w tym użycie makr Auto_Open w dokumentach XLS. Firma Cisco Talos zaobserwowała wzmożoną aktywność spamu rozsyłającego ten nowy szczep, począwszy od początku listopada 2022 r., a od tego czasu ilość spamu i infrastruktury Emotet wzrosła, aby dotrzeć do wielu obszarów geograficznych na całym świecie.","phishing",2022-11-14
BlackCat,"Po raz pierwszy zaobserwowany w połowie listopada 2021 r. przez badaczy z MalwareHunterTeam, BlackCat (znany również jako AlphaVM, AlphaV lub ALPHV) szybko zyskał rozgłos jako pierwsza duża profesjonalna rodzina ransomware napisana w języku Rust, wieloplatformowym języku, który umożliwia złośliwym z łatwością dostosuj złośliwe oprogramowanie do różnych systemów operacyjnych, takich jak Windows i Linux, zapewniając w ten sposób szeroki zakres środowisk korporacyjnych.",,2022-11-09
IcedID,"Złośliwe oprogramowanie IcedID powstało w 2017 roku jako modułowy trojan bankowy, ale od tego czasu przekształciło się w narzędzie do pobierania złośliwego oprogramowania, które jest powszechnie używane do uzyskiwania wstępnego dostępu do sieci korporacyjnych.Droppery złośliwego oprogramowania służą do cichego instalowania kolejnych złośliwych programów na zainfekowanym urządzeniu, pomagając cyberprzestępcom zdobyć przyczółek w docelowym systemie, a następnie rozmieścić potężniejsze ładunki w całej sieci.Zazwyczaj operatorzy dropperów złośliwego oprogramowania sprzedają swoje usługi innym cyberprzestępcom, którzy zlecają tę część ataku na zewnątrz i koncentrują się na działaniach po kompromitacji.Kampanie te wykorzystują  e-maile phishingowe  do przechwytywania IcedID za pośrednictwem  plików ISO , archiwów lub   załączników dokumentów wypełnionych makrami.","phishing",2023-10-30
Netwire_RAT,"Niedawne ataki APT, które wykorzystują i porzucają ładunek NetWire, są rozpowszechniane za pośrednictwem wiadomości e-mail służących do inżynierii społecznej. Ten trojan (RAT) koncentruje się głównie na kradzieży haseł i rejestrowaniu klawiszy, a także na możliwościach zdalnej kontroli. Ostatnio NetWire był dystrybuowany za pośrednictwem dokumentów biurowych Microsoftu i rozprzestrzeniał ataki z dodatkowymi ładunkami, zwłaszcza kampanie GuLoader.","phishing,office",2022-11-23
Redline_stealer,"Zaobserwowano rozprzestrzenianie się nowego, spakowanego wariantu trojana Redline Stealer. Wykorzystuje kod bajtowy Lua i zaawansowane techniki, aby uniknąć wykrycia, infekować systemy i wydobywać wrażliwe dane użytkowników. Szkodnik wykorzystuje GitHub do dystrybucji i wykorzystuje komponenty systemu Windows w celu potajemnego utrzymywania się. Gromadzi informacje o systemie i komunikuje się ze zdalnym serwerem C2 w celu odbierania poleceń i wydobywania danych.",,2024-04-22
Earth_Preta,"Podczas obserwacji kampanii zauważyliśmy, że Earth Preta wykorzystywała fałszywe konta Google do rozpowszechniania złośliwego oprogramowania za pośrednictwem e-maili typu spear phishing, początkowo przechowywanych w pliku archiwum (takich jak rar/zip/jar) i rozpowszechnianych za pośrednictwem linków do Dysku Google. Użytkownicy są następnie zachęcani do pobrania i uruchomienia złośliwego oprogramowania, TONEINS, TONESHELL i PUBLOAD.","spear-phishing",2023-04-07
Lunamoth,"Lunamoth to operacja wyłudzania okupu, która prowadzi kampanie wyłudzania phishingu zwrotnego skierowane do organizacji z wielu sektorów. Grupa wykorzystuje socjotechnikę do kradzieży danych z docelowych organizacji i grozi ich wyciekiem, jeśli okup nie zostanie zapłacony. Lunamoth prowadzi kampanie phishingowe, w ramach których wysyła e-maile o tematyce faktur płatniczych za subskrypcje legalnych usług.","phishing",2022-12-06
Janicab,"Polując na mniej powszechne włamania Deathstalker wykorzystujące rodzinę złośliwego oprogramowania Janicab, zidentyfikowaliśmy nowy wariant Janicab wykorzystywany do atakowania podmiotów prawnych na Bliskim Wschodzie przez cały 2020 r., prawdopodobnie aktywny w 2021 r. i potencjalnie przedłużający szeroko zakrojoną kampanię, której początki sięgają początku 2015 r. oraz ukierunkowane agencje prawne, finansowe i turystyczne na Bliskim Wschodzie iw Europie.",,2022-12-14
Rhadamanthys,"Złodziej Rhadamanthys rozprzestrzenia się za pomocą Google Ads , które przekierowują użytkownika do stron phishingowych imitujących popularne oprogramowanie, takie jak Zoom, AnyDesk, Notepad++, Bluestacks itp. Może również rozprzestrzeniać się za pośrednictwem wiadomości spamowych zawierających załącznik dostarczający szkodliwą zawartość.","phishing,ads",2023-02-23
NoName057,"Prorosyjska grupa haktywistów NoName057(16) prowadzi kampanię ataków DDoS na Ukrainę i organizacje NATO, która rozpoczęła się w pierwszych dniach wojny na Ukrainie. Cele obejmowały organizacje rządowe i infrastrukturę krytyczną. NoName057(16) był odpowiedzialny za zakłócenie usług w sektorze finansowym w Danii w tym tygodniu. Inne niedawne ataki obejmują organizacje i firmy z Polski, Litwy i innych krajów.",,2023-01-13
Aurora,"Aktorzy zagrożeń (TA) coraz częściej korzystają z witryn wyłudzających informacje, aby nakłonić ofiary do kradzieży poufnych informacji lub pobrania złośliwego oprogramowania, takiego jak narzędzie do kradzieży informacji, trojany dostępu zdalnego (RAT) i inne złośliwe oprogramowanie. Linki do tych stron phishingowych są często rozpowszechniane za pośrednictwem poczty elektronicznej, reklam online i innych kanałów.","phishing,ads",2023-01-24
Google_ads,"Kampanie dostarczania złośliwego oprogramowania wykorzystujące reklamy Google typu pay-per-click (PPC) dostarczają ofiarom szereg ładunków, w tym Ursnif (znany również jako Gozi), IcedID, Qakbot, Batloader i różne narzędzia do kradzieży informacji. IcedID i Qakbot były często używane jako prekursory ataków ransomware.Chociaż Google usunął złośliwe reklamy, gdy zostały zidentyfikowane, atakującym wciąż udaje się tworzyć nowe reklamy,a złośliwe reklamy nadal są wykorzystywane do wyświetlania wielu ładunków, w tym Gozi, Qakbot i IcedID.","ads",2023-02-03
BATLoader,"Aktorzy zagrożeń (TA) używają e-maili ze spamem, aby nakłonić osoby do pobrania złośliwego oprogramowania, takiego jak trojany zdalnego dostępu (RAT) i złodzieje, aby zainfekować ich urządzenia i wykraść poufne informacje. Niedawno zaobserwowaliśmy nowy typ programu ładującego BAT, który jest używany do dystrybucji szeregu rodzin szkodliwego oprogramowania RAT i Stealer. Ten moduł ładujący wykorzystuje charakterystyczną metodę dostarczania złośliwego ładunku do systemu użytkownika. Widzieliśmy wiele rodzin złośliwego oprogramowania dostarczanych za pomocą tego nowego modułu ładującego BAT. Nasze badania wskazują, że nowy wariant modułu ładującego BAT jest używany przez załącznik programu OneNote, który rozprzestrzenia się za pośrednictwem spamu.","phishing",2023-02-07
AsyncRAT,"W tym raporcie wywiadowczym szczegółowo opisano wyrafinowany łańcuch infekcji, którego kulminacją jest wdrożenie AsyncRAT, potężnego szkodliwego oprogramowania zaprojektowanego w celu włamywania się do systemów komputerowych i kradzieży poufnych danych. Skrupulatna analiza ujawnia skomplikowaną sekwencję, zaczynającą się od wiadomości e-mail będącej spamem zawierającej złośliwy załącznik HTML, który powoduje pobieranie różnych typów plików, w tym plików skryptów systemu Windows, skryptów Visual Basic i skryptów programu PowerShell. Pliki te współpracują ze sobą, aby ominąć mechanizmy zabezpieczeń, zapewnić trwałość i ostatecznie doprowadzić do wstrzyknięcia ładunku AsyncRAT do procesu aspnet_compiler.exe.",,2024-05-17
RoyalRansomware,"Royal ransomware było zaangażowane w głośne ataki na infrastrukturę krytyczną, zwłaszcza opiekę zdrowotną, odkąd zostało po raz pierwszy zaobserwowane we wrześniu 2022 r. Wbrew popularnemu trendowi zatrudniania podmioty stowarzyszone w celu promowania swojego zagrożenia jako usługi. Royal ransomware działa jako prywatna grupa złożona z byłych członków Conti.","phishing",2023-05-23
Lokibot,"Podczas niedawnego dochodzenia przeprowadzonego przez FortiGuard Labs natknęliśmy się na kilka złośliwych dokumentów pakietu Microsoft Office zaprojektowanych w celu wykorzystania znanych luk w zabezpieczeniach. W szczególności luki w zabezpieczeniach umożliwiające zdalne wykonanie kodu to CVE-2021-40444 i CVE-2022-30190. Wykorzystanie tych luk umożliwiło atakującym osadzenie złośliwych makr w dokumentach Microsoft, które po uruchomieniu umieszczały złośliwe oprogramowanie LokiBot w systemie ofiary. LokiBot, znany również jako Loki PWS, jest dobrze znanym trojanem kradnącym informacje, aktywnym od 2015 roku. Jego celem są przede wszystkim systemy Windows i ma na celu zebranie poufnych informacji z zainfekowanych maszyn.","phishing,office",2023-07-19
OneNote,"Aktorzy zajmujący się zagrożeniami wykorzystują zdolność programu Microsoft OneNote do osadzania plików i stosowania technik socjotechnicznych, takich jak wiadomości e-mail typu phishing i przynęty w dokumencie programu OneNote, aby nakłonić niczego niepodejrzewających użytkowników do pobrania i otwarcia złośliwych plików. Po kliknięciu osoba atakująca może wykorzystać osadzony kod do różnych złośliwych celów, takich jak kradzież danych lub instalowanie oprogramowania ransomware w systemach ofiar.","phishing",2023-03-10
RIG_ Exploit_Kit,"Rig Exploit Kit znajduje się w krajobrazie zagrożeń od 2014 roku i został niedawno odkryty wraz z dodatkowymi exploitami dla CVE-2021-26411 i CVE-2020-0674. Udane infekcje mogą spowodować zainfekowanie urządzeń narzędziami do kradzieży informacji, programami do pobierania, backdoorami, trojanami zdalnego dostępu i oprogramowaniem ransomware. Złośliwe oprogramowanie dystrybuowane przez zestaw exploitów obejmuje Gozi, Dridex, Racoon Stealer, Redline Stealer, IcedID, Zloader, TrueBot i Royal Ransomware.",,2023-03-13
MyDoom,"MyDoom (znany również jako Novarg i Mimail) został po raz pierwszy odkryty w 2004 roku. I chociaż od czasu jego wprowadzenia doczekał się kilku aktualizacji i modyfikacji, jest to anachronizm w świecie złośliwego oprogramowania, który nadal działa znacznie powyżej oczekiwań. Typowa wiadomość e-mail phishingowa MyDoom zawiera tematy odnoszące się do błędu dostarczenia lub testowania. Nagłówki e-maili zawierają powód odrzucenia i niestandardowy „Typ treści”. Istnieje również załącznik, który może być zapinany lub nie. Ten załącznik (o ile nie jest spakowany) jest plikiem wykonywalnym MyDoom.","phishing",2023-03-09
Winter_Vivern,"Grupa Winter Vivern Advanced Persistent Threat (APT) to godna uwagi, ale stosunkowo rzadko zgłaszana grupa, która działa w celach prorosyjskich. Część kampanii Winter Vivern została zgłoszona w ostatnich tygodniach przez polskie CBZC , a następnie ukraiński CERT jako UAC-0114. Niedawno powiązane kampanie ujawniły, że Winter Vivern obrał sobie za cel polskie agencje rządowe, Ministerstwo Spraw Zagranicznych Ukrainy, Ministerstwo Spraw Zagranicznych Włoch oraz osoby z rządu indyjskiego. Szczególnie interesujące są ataki APT na prywatne firmy, w tym organizacje telekomunikacyjne, które wspierają Ukrainę w toczącej się wojnie.","phishing",2023-04-07
YoroTrooper,"Według naszej analizy głównymi celami YoroTrooper są organizacje rządowe lub energetyczne w Azerbejdżanie, Tadżykistanie, Kirgistanie i innych krajach Wspólnoty Niepodległych Państw (WNP). Zaobserwowaliśmy również, że YoroTrooper naruszył konta co najmniej dwóch organizacji międzynarodowych: krytycznej agencji opieki zdrowotnej Unii Europejskiej (UE) oraz Światowej Organizacji Własności Intelektualnej (WIPO). Udane kompromisy objęły również ambasady krajów europejskich, w tym Azerbejdżanu i Turkmenistanu. Oceniamy, że aktor prawdopodobnie atakuje również inne organizacje w całej Europie i tureckie (Türkiye) agencje rządowe.Główne narzędzia YoroTrooper obejmują oparte na Pythonie, niestandardowe narzędzia do kradzieży informacji o otwartym kodzie źródłowym, takie jak narzędzie do kradzieży Stink opakowane w pliki wykonywalne za pośrednictwem platformy Nuitka i PyInstaller . Aby zapewnić zdalny dostęp, YoroTrooper wdrożył również złośliwe oprogramowanie, takie jak AveMaria/Warzone RAT, LodaRAT i Meterpreter.",,2023-03-22
Nobelium,"NOBELIUM, znany również jako APT29, to wyrafinowany, sponsorowany przez rosyjskie państwo ugrupowanie cyberprzestępcze, którego celem są kraje zachodnie. Na początku marca analitycy BlackBerry zaobserwowali nową kampanię skierowaną do krajów Unii Europejskiej i ich systemy dyplomatyczne, w tym ambasadora Polski w Stanach Zjednoczonych, w szczególności jej jednostki i systemy dyplomatyczne przekazujące poufne informacje o polityce w regionie, pomagające obywatelom Ukrainy w ucieczce z kraju oraz udzielające pomocy rządowi Ukrainy.","phishing",2023-03-23
Kampania_szpiegowska_rosja,"Służba Kontrwywiadu Wojskowego oraz zespół CERT Polska (CSIRT NASK), zaobserwowały szeroko zakrojoną kampanię szpiegowską wiązaną z rosyjskimi służbami specjalnymi, ukierunkowaną na pozyskiwanie informacji z ministerstw spraw zagranicznych oraz placówek dyplomatycznych. Większość zidentyfikowanych celi kampanii znajduje się w państwach należących do NATO, Unii Europejskiej oraz w mniejszym stopniu, w Afryce.Wiele elementów zaobserwowanej kampanii – infrastruktura, wykorzystane techniki oraz narzędzia, częściowo lub całkowicie, pokrywa się z opisywanymi w przeszłości zbiorami aktywności określanymi przez Microsoft jako „NOBELIUM” oraz przez Mandiant jako „APT29”. Stojący za nimi aktor wiązany jest m.in. z kampanią zwaną „SOLARWINDS”  oraz narzędziami „SUNBURST”, „ENVYSCOUT” oraz „BOOMBOX”, a także licznymi innymi kampaniami o charakterze wywiadowczym.Aktor wykorzystywał różne narzędzia na poszczególnych etapach opisywanej kampanii. Wszystkie wymienione poniżej są unikalne dla opisywanego zbioru aktywności:SNOWYAMBER – narzędzie wykorzystane po raz pierwszy w październiku 2022 r. i nadużywające serwis Notion do komunikacji oraz pobierania kolejnych złośliwych plików. Zaobserwowano dwie wersje tego narzędzia. HALFRIG – narzędzie wykorzystane po raz pierwszy w lutym 2023 r., wyróżnia się ono od pozostałych osadzonym na stałe kodem uruchamiającym narzędzie COBALT STRIKE. QUARTERRIG – narzędzie wykorzystane po raz pierwszy w marcu 2023, współdzielące część kodu z HALFRIG. Zaobserwowano dwie wersje tego narzędzia.","spear-phishing",2023-04-14
GuLoader,"GuLoader, znany również jako CloudEyE, to złośliwe oprogramowanie ładujące, które jest znane z dostarczania dodatkowego złośliwego oprogramowania, takiego jak złodzieje informacji i trojany zdalnego dostępu (RAT). Program ładujący zawiera wiele etapów kodu powłoki i jest znany jako jeden z najbardziej zaawansowanych programów ładującychliczne techniki antyanalizy. W marcu 2022 r. TRU zaobserwowała, że ​​GuLoader atakował sektor finansowy za pośrednictwem wiadomości phishingowej z wykorzystaniem przynęty o tematyce podatkowej.","phishing",2023-04-14
EvilExtractor,"EvilExtractor (czasami pisany jako Evil Extractor) to narzędzie ataku przeznaczone do atakowania systemów operacyjnych Windows i wydobywania danych i plików z urządzeń końcowych. Zawiera kilka modułów, które działają za pośrednictwem usługi FTP. Został opracowany przez firmę o nazwie Kodex, która twierdzi, że jest narzędziem edukacyjnym. Jednak badania przeprowadzone przez FortiGuard Labs pokazują, że cyberprzestępcy aktywnie wykorzystują ją do kradzieży informacji. Na podstawie naszych danych o źródle ruchu do hosta, evilextractor[.]com, szkodliwa aktywność znacznie wzrosła w marcu 2023 r. Laboratoria FortiGuard zaobserwowały to złośliwe oprogramowanie w e-mailowej kampanii phishingowej 30 marca, którą prześledziliśmy wstecz do próbek zawartych na tym blogu. Zwykle udaje legalny plik, taki jak plik Adobe PDF lub Dropbox, ale po załadowaniu zaczyna wykorzystywać złośliwe działania programu PowerShell. Zawiera również sprawdzanie środowiska i funkcje Anti-VM.","phishing",2023-04-21
More_eggs,"Zespół Securonix Threat Research (STR) zaobserwował ostatnio nową kampanię ataków śledzoną przez Securonix jako OCX#HARVESTER. Niektóre ze złośliwych ładunków wykorzystanych w ramach kampanii ataków wydają się być powiązane z wcześniej zgłoszonymi złośliwymi ładunkami More_eggs. Nazewnictwo niektórych zebranych próbek, a także niektóre obrazy przynęt sugerują, że cele tej kampanii są bezpośrednio lub pośrednio związane z sektorem finansowym, zwłaszcza związanym z kryptowalutami. Podobnie jak w przypadku większości ataków zewnętrznych, e-maile phishingowe zawierające szkodliwy skompresowany plik ZIP wydają się być podstawową metodą dostarczania. Plik załącznika wiadomości e-mail przeanalizowany przez nasz zespół zawiera dwa pliki skrótów przebrane za jpeg.","phishing",2023-04-21
Vidar,"21 marca 2023 r. badacze EclecticIQ wykryli e-mail typu spearphishing, którego celem była branża medyczna w Polsce. Sfałszowana wiadomość e-mail miała sprawiać wrażenie, że została wysłana zgodnie z prawem przez polską jednostkę rządową o nazwie Narodowy Fundusz Zdrowia (NFZ). Wiadomość e-mail zawierała złośliwy załącznik Microsoft Excel XLL, który może pobierać i uruchamiać złośliwe oprogramowanie Vidar Infostealer po uruchomieniu przez użytkownika. Vidar może zbierać poufne informacje z zainfekowanych urządzeń i potencjalnie prowadzić do oprogramowania ransomware, co naraża polską branżę medyczną na utratę krytycznych danych i zakłócenia działania systemów.","spear-phishing",2023-05-08
Xworm,"Podobnie jak w przypadku wielu współczesnych ataków, z którymi mamy obecnie do czynienia, MEME#4CHAN zwykle zaczyna się od wiadomości e-mail phishingowej. Ataki wydają się być wzorowane na znanym fałszywym systemie wyłudzania rezerwacji hotelowych . Celem jest nakłonienie pracownika firmy do otwarcia załączonego dokumentu phishingowego, który rozpocznie początkową część ataku polegającą na wykonaniu kodu. Zazwyczaj przedmiot, treść, a nawet zawartość załącznika przynęty mają na celu stworzenie poczucia pilności, aby zamaskować wszelkie potencjalnie nietypowe prośby.","phishing",2023-10-24
Israel_Based_BEC_Attacks,"W przypadku grupy z Izraela szablony używane do początkowej wiadomości e-mail są zwykle bardzo zróżnicowane. To powiedziawszy, chociaż dokładny tekst znajdujący się w wiadomościach otwierających często się zmienia, ogólny motyw pozostaje taki sam od lat. W swoich wstępnych wiadomościach e-mail grupa najczęściej podszywa się pod dyrektora generalnego docelowej organizacji. Ta pierwsza wiadomość e-mail przygotowuje grunt pod dalszą część ataku, dostarczając kontekstu projektu, w którym pracownik, którego dotyczy atak, jest proszony o pomoc. Głównym pretekstem użytym w ataku jest to, że organizacja pracuje nad poufnym przejęciem innej firmy. Docelowy pracownik jest proszony o pomoc w dokonaniu wstępnej płatności wymaganej do fuzji.","phsihing",2023-05-23
BlackByte,"BlackByte to grupa Ransomware-as-a-Service (RaaS), znana z używania homonimicznego złośliwego oprogramowania, które jest stale aktualizowane i rozpowszechniane w różnych wariantach. Pierwsza implementacja szkodliwego oprogramowania została napisana w języku programowania C#, po której nastąpiła implementacja Golang, która zintegrowała również technikę eskalacji uprawnień wykorzystującą lukę w zabezpieczeniach Bring Your Own Vulnerable Driver (BYOVD). Ostatnia implementacja, znana jako BlackByte NT, jest napisany w C++ i integruje różne techniki utrudniające zarówno statyczną, jak i dynamiczną analizę złośliwego oprogramowania, ukrywając zachowanie złośliwego oprogramowania, gdy wykonanie jest monitorowane. Nowa wersja dodaje również nowe sterowniki wykorzystujące lukę BYOVD w celu wyłączenia produktów i narzędzi zabezpieczających, które mogą zakłócać jej działanie.",,2023-05-23
MOVEit,"W Progress MOVEit Transfer wykryto lukę umożliwiającą wstrzyknięcie SQL typu zero-day i śledzono ją pod luką CVE-2023-34362. Luka leży w aplikacji internetowej i może umożliwić atakującemu uzyskanie nieautoryzowanego dostępu. Wada jest aktywnie wykorzystywana do odrzucania backdoora powłoki sieciowej ASPX, eksfiltracji danych, w tym poświadczeń, tworzenia lub usuwania użytkownika oraz wykrywania plików i folderów. Grupa zagrożeń TA505, ściśle powiązana z grupą ransomware Clop, przyznała się do ataku i kradzieży danych.","SQL",2023-06-13
MEME4CHAN,"Podobnie jak w przypadku wielu współczesnych ataków, z którymi mamy obecnie do czynienia, MEME#4CHAN zwykle zaczyna się od wiadomości e-mail phishingowej. Ataki wydają się być wzorowane na znanym fałszywym systemie wyłudzania rezerwacji hotelowych . Celem jest nakłonienie pracownika firmy do otwarcia załączonego dokumentu phishingowego, który rozpocznie początkową część ataku polegającą na wykonaniu kodu. Zazwyczaj przedmiot, treść, a nawet zawartość załącznika przynęty mają na celu stworzenie poczucia pilności, aby zamaskować wszelkie potencjalnie nietypowe prośby.Kampania [MEME#4CHAN] opiera się na dość unikalnym łańcuchu ataków składającym się zarówno z wykonania programu PowerShell, jak i kodu JavaScript pochodzącego ze złośliwego pliku dokumentu programu Word.Wykonanie kodu CSharp zawartego w głównym skrypcie PowerShell jest używane do dostarczenia końcowego ładunku, który kończy się wykonaniem XWorm v3.1.","phishing",2023-06-13
CadetBlizzard,"Cadet Blizzard jest podejrzanym o sponsorowanie przez państwo rosyjskie ugrupowanie cyberprzestępcze, które, jak wykryto, skupia się na atakach na podmioty na Ukrainie. Dotknięte sektory obejmują rząd, organy ścigania, organizacje non-profit, organizacje pozarządowe, dostawców usług IT, konsulting i służby ratunkowe. Aktor cyberprzestępczy wykorzystuje wiele luk w celu uzyskania wstępnego dostępu oraz różne pliki binarne systemu Windows i powłoki sieciowe w celu zachowania trwałości, unikania obrony i eksfiltracji.",,2023-06-21
Asylum_Ambuscade,"Asylum Ambuscade to grupa cyberprzestępcza, która działa od co najmniej 2020 roku. Przyłapano na tym cyberprzestępcy, który prowadził wiele kampanii cyberprzestępczych przeciwko celom w Europie i Azji Środkowej. Szkodliwe oprogramowanie wykorzystywane przez grupę jest rozwijane w AutoHotkey, JavaScript, Lua, Python i VBS i wykorzystywane do lokalizowania i eksfiltracji poufnych informacji z zainfekowanych urządzeń. Początkowe wektory infekcji obejmują przekierowanie użytkowników do złośliwych stron internetowych lub e-maile typu spear phishing ze złośliwymi dokumentami Excel lub Word.","spear-phishing",2023-06-21
FIN11,"Wykryto kampanię ataku przypisaną grupie zagrożeń FIN11 wykorzystującą usługę 404 Traffic Distribution System (TDS) do dostarczania e-maili typu spear phishing. Cobalt Strike i FlawedGrace zostały załadowane z Truebotem, który udawał dokument PDF. Zaplanowane zadania zostały użyte do trwałości, podczas gdy wiele pętli for zostało wykorzystanych do znalezienia aktywnych punktów końcowych i wyliczenia otwartych udziałów.","spear-phishing",2023-06-21
Sardonic,"Zespół Threat Hunter firmy Symantec, będący częścią Broadcom , niedawno zaobserwował grupę cyberprzestępczą Syssphinx (znaną również jako FIN8) wdrażającą wariant backdoora Sardonic w celu dostarczania oprogramowania ransomware Noberus. Chociaż analiza backdoora wykazała, że ​​jest on częścią frameworka Sardonic używanego wcześniej przez grupę i przeanalizowana w raporcie  Bitdefender z 2021 r ., wydaje się, że większość funkcji backdoora została zmieniona, aby nadać mu nowy wygląd. Co ciekawe, kod backdoora nie korzysta już ze standardowej biblioteki C++, a większość funkcji zorientowanych obiektowo została zastąpiona prostą implementacją C. Ponadto niektóre przeróbki wyglądają nienaturalnie, co sugeruje, że głównym celem cyberprzestępców może być uniknięcie podobieństw z wcześniej ujawnionymi szczegółami. Na przykład podczas wysyłania wiadomości przez sieć kod operacji określający sposób interpretacji wiadomości został przeniesiony po zmiennej części wiadomości, co powoduje pewne komplikacje w logice backdoora.",,2023-07-18
CVE-2023-36884,"Wraz z lipcowym wydaniem Patch Tuesday firma Microsoft ujawniła lukę dnia zerowego w zabezpieczeniach pakietu Office i Windows HTML umożliwiającą zdalne wykonanie kodu, CVE-2023-36884, którą oceniła jako „ważną”. Firma Microsoft zaobserwowała aktywne wykorzystywanie tej luki w zabezpieczeniach przy użyciu specjalnie spreparowanych dokumentów pakietu Microsoft Office. Należy zauważyć, że exploit wymaga od użytkownika otwarcia szkodliwego dokumentu. Jednostka 42 Threat Intelligence może potwierdzić, że ta luka była wykorzystywana co najmniej od 3 lipca 2023 r.","office,windows",2023-07-13
OriginBotnet,"W sierpniu FortiGuard Labs uzyskało dokument Word zawierający złośliwy adres URL, którego celem było nakłonienie ofiar do pobrania modułu ładującego złośliwe oprogramowanie. Ten moduł ładujący wykorzystuje strategię unikania dopełnienia binarnego, która dodaje bajty zerowe w celu zwiększenia rozmiaru pliku do 400 MB. Ładunki tego modułu ładującego obejmują OriginBotnet do rejestrowania klawiszy i odzyskiwania haseł, RedLine Clipper do kradzieży kryptowalut oraz AgentTesla do zbierania poufnych informacji.","windows,phishing",2023-09-11
Turla,"Rosyjska grupa Turla, uważana za wysoce wyrafinowaną grupę zaawansowanych trwałych zagrożeń (APT), podejrzewa się, że działa co najmniej od 2004 roku. Nazwy grup Turli noszą niesławne tytuły na cześć ich najwyższej klasy rootkitów, takich jak Snake, Venomous Bear, WhiteBear, Uroburos, Group 88 i Waterbug, wszystkie znane z ataków na jednostki rządowe, agencje wywiadowcze, a także wojsko, instytucje edukacyjne, badawcze i przemysłu farmaceutycznego na całym świecie. Podobnie jak inne grupy APT, Turla posiada własne, specjalnie zaprojektowane, złożone narzędzia. Jednak to satelitarny mechanizm dowodzenia i kontroli (C&C) ugrupowania zagrażającego, z którego korzysta na późniejszych etapach ataku, w połączeniu z możliwością ukrywania się przed radarem, sprawia, że ​​Turla wyróżnia się na tle konkurentów.","phishing",2023-09-26
MigdeDropper,"Niewidziany wcześniej wariant droppera, który niedawno znaleźliśmy, nazwany MidgeDropper, ma złożony łańcuch infekcji, który obejmuje zaciemnianie kodu i ładowanie boczne, co czyni go interesującym przypadkiem użycia.W czasie naszego badania początkowy wektor infekcji nie był dostępny dla laboratoriów FortiGuard. Jednakże mocno podejrzewamy, że jest to wiadomość e-mail typu phishing, ponieważ mamy dostęp do archiwum RAR,które prawdopodobnie stanowiło załącznik do wiadomości e-mail.","phishing",2023-09-20
DBatLoader,"IBM X-Force zidentyfikował nowe możliwości w próbkach złośliwego oprogramowania DBatLoader dostarczonych w ostatnich kampaniach e-mailowych, sygnalizując zwiększone ryzyko infekcji ze strony popularnych rodzin szkodliwego oprogramowania powiązanego z aktywnością DBatLoader. Od końca czerwca firma X-Force zaobserwowała prawie dwadzieścia kampanii e-mailowych wykorzystujących zaktualizowany moduł ładujący DBatLoader do dostarczania ładunków takich jak Remcos, Warzone, Formbook i AgentTesla. Od 2020 r. cyberprzestępcy wykorzystują złośliwe oprogramowanie DBatLoader do instalowania popularnych trojanów, trojanów zdalnego dostępu (RAT) i osób kradnących informacje, głównie za pośrednictwem złośliwego spamu (malspamu).","phishing",2023-09-26
3AM,"Pojawiła się nowa rodzina ransomware nazywająca się 3AM. Do tej pory oprogramowanie ransomware było wykorzystywane jedynie w ograniczonym zakresie. Zespół Threat Hunter firmy Symantec, będący częścią Broadcom, zaobserwował jego użycie w pojedynczym ataku przeprowadzonym przez oddział oprogramowania ransomware, który próbował wdrożyć LockBit w sieci celu, a następnie przełączył się na godzinę 3:00, gdy LockBit został zablokowany.3AM jest napisany w języku Rust i wydaje się być zupełnie nową rodziną szkodliwego oprogramowania. Ransomware próbuje zatrzymać wiele usług na zainfekowanym komputerze, zanim rozpocznie szyfrowanie plików. Po zakończeniu szyfrowania próbuje usunąć kopie woluminów w tle (VSS). Nadal nie jest jasne, czy jego autorzy mają jakiekolwiek powiązania ze znanymi organizacjami cyberprzestępczymi.","Command and Control,ransomware",2023-09-14
HijackLoader,"HijackLoader, znany również jako IDAT Loader, to modułowy moduł ładujący złośliwe oprogramowanie, który może wykonywać wiele ładunków. Wykorzystuje różnorodne moduły do ​​technik wstrzykiwania, wykonywania i unikania kodu. Ten raport analizuje zaktualizowaną wersję programu HijackLoader, która zawiera nowe moduły umożliwiające ominięcie programu antywirusowego Windows Defender, kontrolę konta użytkownika, przechwytywanie wbudowanego interfejsu API i wykorzystywanie drążenia procesów. W raporcie szczegółowo omówiono szczegóły techniczne metody dostarczania programu HijackLoader, obejmujące wykorzystanie obrazu PNG do załadowania następnego etapu, a także różne rodziny szkodliwego oprogramowania, które zaobserwowano, że jest rozpowszechniane, takie jak Amadey, Lumma Stealer, Racoon Stealer v2 i Remcos RAT.","loader,malware",2024-05-31
DarkGate_Loader,"Liczba kampanii złośliwego spamu wykorzystujących program DarkGate Loader rośnie, odkąd w czerwcu 2023 r. jego autor zaczął reklamować go jako usługę Malware-as-a-Service na popularnych forach poświęconych cyberprzestępczości. Do tej pory program DarkGate Loader był dostarczany za pośrednictwem tradycyjnych e-mailowych kampanii złośliwego spamu, podobnych do tych prowadzonych przez Emotet. W sierpniu operator zaczął używać aplikacji Microsoft Teams do dostarczania szkodliwego oprogramowania za pośrednictwem wiadomości na czacie poświęconych inżynierii społecznej.","phishing,teams",2023-09-12
Google_searches,"W ostatnich tygodniach zaobserwowaliśmy wzrost liczby kampanii zawierających reklamy złośliwe w wyszukiwarkach Google. Kilku śledzonych przez nas aktorów zagrożeń ulepszyło swoje techniki unikania wykrycia w całym łańcuchu dostaw. Osoba zagrażająca prowadzi kampanię skierowaną przeciwko Notepad++, popularnemu edytorowi tekstu dla systemu Windows, a także podobnym programom, takim jak konwertery plików PDF. Poniższy obraz to kolaż złośliwych reklam, które zaobserwowaliśmy niedawno. Wszystkie są uruchamiane przez tego samego ugrupowania zagrażającego, ale za pośrednictwem różnych kont reklamowych i prawdopodobnie zostały przejęte.","ads,ransomware",2023-10-17
Lumma,"Lumma to złodziej informacji napisany w języku C/C++, który zaobserwowano na wolności od co najmniej sierpnia 2022 r., natomiast pierwszą próbkę Lummy można było zobaczyć na Malware Bazaar 20 grudnia 2022 r. Użytkownik „Lumma” zaczął reklamować stealer'a na forach rosyjskojęzycznych pod koniec 2022 roku i w celu reklamowania utworzono również kanał na Telegramie, który według stanu na wrzesień 2023 r. miał około 1700 subskrybentów. Uważa się, że autorem tego złodzieja jest ugrupowanie cyberprzestępcze „Shamel”, występujące pod pseudonimem „Lumma”. Celem tego szkodliwego oprogramowania jest kradzież wrażliwych danych z zainfekowanych urządzeń. Wśród danych celem są portfele kryptowalut, rozszerzenia przeglądarki, kody uwierzytelniania dwuskładnikowego, loginy i hasła przechowywane w przeglądarkach i różne pliki. Po uzyskaniu docelowych danych są one eksfiltrowane serwer C2 i sprzedawany prywatnie lub na różnych rynkach, takich jak rynek rosyjski.",,2023-10-19
Konni,"Laboratoria FortiGuard zidentyfikowały niedawno wykorzystanie w trwającej kampanii Konni rosyjskojęzycznego dokumentu programu Word wyposażonego w złośliwe makro. Pomimo, że dokument powstał we wrześniu, ciągła aktywność na serwerze C2 kampanii jest widoczna w wewnętrznej telemetrii.",,2023-11-21
Citrix_Bleed,"Citrix Bleed, znany z tego, że jest wykorzystywany przez podmioty stowarzyszone z LockBit 3.0, umożliwia cyberprzestępcom ominięcie wymagań dotyczących haseł i uwierzytelniania wieloczynnikowego (MFA), co prowadzi do skutecznego przechwytywania sesji legalnych użytkowników w urządzeniach Citrix NetScaler do kontroli dostarczania aplikacji internetowych (ADC) i urządzeniach Gateway. Poprzez przejmowanie legalnych sesji użytkowników szkodliwi aktorzy uzyskują podwyższone uprawnienia do gromadzenia danych uwierzytelniających, przemieszczania się w bok oraz uzyskiwania dostępu do danych i zasobów.","ransomware",2023-11-23
APT29,"FBI, CISA, NSA, SKW, CERT.PL i NCSC wspólnie poinformowały, że cyberprzestępcy rosyjskiej Służby Wywiadu Zagranicznego (SVR), znani również jako APT 29, CozyBear i NOBELIUM, aktywnie wykorzystują lukę CVE-2023-42793 na serwerach hostujących oprogramowanie JetBrains TeamCity od września 2023 r. Osoby atakujące wykorzystują ten dostęp do eskalacji uprawnień, przemieszczania się w bok, wdrażania dodatkowych backdoorów i utrzymywania długoterminowego dostępu do zaatakowanych sieci. Aby uniknąć wykrycia, cyberprzestępcy stosują różne techniki, w tym metodę „Przynieś swój własny wadliwy sterownik”, luki w zabezpieczeniach przechwytywania bibliotek DLL w oprogramowaniu antywirusowym Zabbix i Webroot oraz ukryty kanał komunikacji wykorzystujący Microsoft OneDrive i Dropbox. Ponadto dane wymieniane za pośrednictwem OneDrive i Dropbox są ukryte w losowo generowanych plikach BMP w celu lepszego zaciemnienia.",,2023-12-15
TA422,"Badacze wykryli ciągłą aktywność phishingową prowadzoną przez ugrupowanie zagrażające TA422 (znane również jako APT28 lub pod pseudonimami takimi jak Forest Blizzard, Pawn Storm, Fancy Bear i BlueDelta). TA422 wykorzystuje załatane luki w zabezpieczeniach do prowadzenia masowych kampanii skierowanych głównie do sektorów rządowego, lotniczego, edukacyjnego, finansowego, produkcyjnego i technologicznego w Europie i Ameryce Północnej. Aktor wykorzystuje te luki, w tym CVE-2023-23397 i CVE-2023-38831, aby uzyskać początkowy dostęp, potencjalnie ujawniając dane uwierzytelniające użytkownika lub ułatwiając dalsze działania. Według Wspólnoty Wywiadowczej Stanów Zjednoczonych TA422 jest powiązany z Główną Dyrekcją Wywiadu Sztabu Generalnego Rosji (GRU).","phishing",2023-12-07
UAC-006,"Rządowy Zespół Reagowania na Kryzys Komputerowy Ukrainy (CERT-UA) aktywnie przeciwdziała zagrożeniu stwarzanemu przez zorganizowaną grupę przestępczą zidentyfikowaną jako UAC-0006, śledzoną od 2013 r. Grupa ta zajmuje się przede wszystkim przestępstwami finansowymi na Ukrainie, próbując ukraść około jednego milionów hrywien tygodniowo z kont ukraińskich przedsiębiorstw korzystających ze szkodliwych programów. Grupa wykorzystuje co najmniej 13 wyspecjalizowanych programów w celu uzyskania nieautoryzowanego dostępu i potajemnego zarządzania zainfekowanymi komputerami. Smoke Loader służy do pobierania i uruchamiania innych programów, natomiast szkodliwe oprogramowanie TaleShot analizuje okna i procesy, regularnie wysyłając zrzuty ekranu do atakujących. Po podjęciu decyzji o defraudacji funduszy sieć jest przygotowana na wycofanie środków. Osoba atakująca wykorzystuje również złośliwe oprogramowanie HangThread w celu wyczerpania mocy obliczeniowej i spowodowania ciągłego zawieszania się systemu.","malware",2023-12-07
Bandook,"Złośliwe oprogramowanie Bandook to trojan umożliwiający dostęp zdalny, który jest stale rozwijany od czasu jego pierwszego wykrycia w 2007 roku. Na przestrzeni lat był on wykorzystywany w różnych kampaniach przez różnych cyberprzestępców. Laboratoria FortiGuard zidentyfikowały nowy wariant Bandooka, który był dystrybuowany w formie pliku PDF w październiku tego roku. Ten plik PDF zawiera skrócony adres URL umożliwiający pobranie chronionego hasłem pliku .7z. Gdy ofiara wyodrębnia szkodliwe oprogramowanie z hasłem z pliku PDF, złośliwe oprogramowanie wstrzykuje swój ładunek do pliku msinfo32.exe.","RAT,malware,phishing",2023-12-29
PikaBot,"PikaBot został po raz pierwszy zidentyfikowany jako możliwy spadek Matanbuchusa w wyniku kampanii złośliwego spamu przeprowadzonej przez Unit 42 w lutym 2023 r. Nazwa PikaBot została później nadana i przypisana TA577 , ugrupowaniu zagrażającemu, które według Proofpointa było zaangażowane w dystrybucję ładunków takich jak QakBot, IcedID, SystemBC a także Cobalt Strike. Co ważniejsze, TA577 jest powiązany z dystrybucją oprogramowania ransomware. Badacze z Cofense zaobserwowali wzrost liczby kampanii złośliwego spamu dostarczających zarówno DarkGate, jak i PikaBot, po usunięciu botnetu QakBot w sierpniu 2023 r. Typowy łańcuch dystrybucji PikaBot zwykle zaczyna się od wiadomości e-mail (porwanego wątku) zawierającej łącze do zewnętrznej witryny internetowej. Użytkownicy są oszukiwani, aby pobrać archiwum ZIP zawierające złośliwy kod JavaScript.","phishing,ads,malware",2024-04-10
RE#TURGENCE,"Tureccy ugrupowania cyberprzestępcze zmotywowani finansowo rozpoczęli trwającą kampanię znaną jako RE#TURGENCE, której celem są serwery baz danych MSSQL w USA, UE i krajach Ameryki Łacińskiej i wykorzystują je. Początkowe naruszenie następuje poprzez brutalne wymuszenie haseł administracyjnych w celu uzyskania dostępu do serwera ofiary. Po uzyskaniu dostępu napastnicy wykonują polecenia za pośrednictwem xp_cmdshell w celu wykrycia i dalszego naruszenia bezpieczeństwa. Stosowane są różne narzędzia i techniki, takie jak Cobalt Strike do ruchu bocznego i AnyDesk do zdalnego sterowania, Mimikatz służy do kradzieży danych uwierzytelniających, a narzędzie Advanced Port Scanner służy do dodatkowego rozpoznania. Motywem atakującego jest kradzież i sprzedaż danych. W niektórych przypadkach doprowadziło to również do wdrożenia oprogramowania ransomware Mimic.","ransomware,MSSQL",2024-01-24
TinyTurla-NG,"Cisco Talos zidentyfikował nowego backdoora, którego autorem i operatorem jest grupa Turla APT, rosyjska grupa zajmująca się cyberszpiegostwem. Ten nowy backdoor, który nazywamy „TinyTurla-NG” (TTNG), jest podobny do ujawnionego wcześniej implantu firmy Turla, TinyTurla , pod względem stylu kodowania i implementacji funkcjonalności. Talos z dużą pewnością ocenia, że ​​TinyTurla-NG, podobnie jak TinyTurla, to mały backdoor „ostatniej szansy”, który pozostaje do użycia, gdy wszystkie inne mechanizmy nieautoryzowanego dostępu/backdoora zawiodą lub zostaną wykryte w zainfekowanych systemach. TinyTurla-NG zaobserwowano już w grudniu 2023 r., jako cel ataku polskiej organizacji pozarządowej (NGO) działającej na rzecz poprawy polskiej demokracji i wspierania Ukrainy podczas rosyjskiej inwazji.","backdoor",2024-02-23
Bifrost,"Atakujący zazwyczaj rozpowszechniają Bifrost poprzez załączniki do wiadomości e-mail lub złośliwe strony internetowe. Po zainstalowaniu na komputerze ofiary Bifrost umożliwia atakującemu zebranie poufnych informacji, takich jak nazwa hosta i adres IP ofiary. Najnowsza wersja Bifrost łączy się z domeną dowodzenia i kontroli (C2) pod zwodniczą nazwą download.vmfare[.]com , która wygląda podobnie do legalnej domeny VMware. Jest to praktyka znana jako typosquatting . Wykorzystując tę ​​zwodniczą domenę, cyberprzestępcy stojący za Bifrostem chcą ominąć środki bezpieczeństwa, uniknąć wykrycia i ostatecznie zagrozić docelowym systemom.","RAT",2024-02-29
TicTacToe,"Przeanalizowaliśmy wiele próbek tego droppera. Wykonywalny plik złośliwego oprogramowania był zwykle dostarczany za pośrednictwem pliku .iso. Z przypadków bezpośrednio zaobserwowanych w środowisku naturalnym wynika, że ​​te pliki ISO zostały dostarczone ofierze w formie załącznika w formie phishingu (T1566.001). Ta technika pakowania złośliwego oprogramowania do pliku ISO jest zwykle stosowana w celu uniknięcia wykrycia przez oprogramowanie antywirusowe oraz jako technika obejścia znaku sieciowego (MOTW) (T1553.005). Plik wykonywalny wewnątrz ISO zawierał wiele warstw plików DLL, które zostały wyodrębnione w czasie wykonywania i załadowane bezpośrednio do pamięci. Jedna warstwa biblioteki DLL została zdekodowana w czasie wykonywania, a następna warstwa biblioteki DLL została załadowana i zdekodowana przez poprzednią warstwę pliku DLL. Nazwaliśmy tę grupę ładunków „TicTacToe dropper” ze względu na wspólny ciąg znaków w języku polskim „Kolko_i_krzyzyk”, który można znaleźć w wielu wcześniejszych próbkach zakraplacza, co jest tłumaczone na „TicTacToe” w języku angielskim. Chociaż nie wszystkie wersje tej grupy dropperów zawierają ten ciąg, podobieństwa w ich zachowaniu doprowadziły nas do tego grupowania.","dropper,RAT",2024-02-16
TAG-70,"Insikt Group® z Recorded Future zaobserwowała, że TAG-70 wykorzystuje luki w zabezpieczeniach typu cross-site scripting (XSS) przeciwko serwerom poczty internetowej Roundcube w Europie, atakując podmioty rządowe, wojskowe i związane z infrastrukturą krajową. TAG-70 pokrywa się z aktywnością zgłaszaną przez innych dostawców zabezpieczeń pod pseudonimami Winter Vivern, TA473 i UAC-0114. Grupa prawdopodobnie prowadzi kampanie cyberszpiegowskie w interesie Białorusi i Rosji i działa co najmniej od grudnia 2020 r., atakując przede wszystkim rządy w Europie i Azji Środkowej. W swojej najnowszej kampanii TAG-70 prawdopodobnie zaczął wykorzystywać serwery poczty internetowej Roundcube na początku października 2023 r. i trwał co najmniej do połowy października. Grupa Insikt wykryła co najmniej 80 organizacji, do których skierowana jest ta kampania; ofiarami były przede wszystkim podmioty z Gruzji, Polski i Ukrainy. Kampanię tę powiązano z dodatkowymi działaniami TAG-70 przeciwko serwerom pocztowym rządu Uzbekistanu, które obejmowały infrastrukturę zgłoszoną przez Insikt Group w lutym 2023 r.","phishing",2024-02-19
AceCryptor,"Firma ESET wykryła wiele kampanii AceCryptor+Rescoms w krajach europejskich, głównie w Polsce, Bułgarii, Hiszpanii i Serbii w drugiej połowie 2023 r. Kampanie były skierowane do lokalnych firm za pośrednictwem wiadomości spamowych zawierających złośliwe pliki ISO i załączniki archiwalne. Celem było uzyskanie danych uwierzytelniających przechowywanych w przeglądarkach lub klientach poczty e-mail na potrzeby dalszych ataków.","phishing,RAT",2024-03-22
RAWLD,"Ransomware RA World - szyfruje pliki i kradnie dane, zanim zażąda okupu za odszyfrowanie i nie publikuje skradzionych plików. Ransomware wyłącza tworzenie kopii zapasowych i usuwa kopie w tle, aby uniemożliwić odzyskanie danych. Szyfruje pliki i dodaje rozszerzenie .RAWLD oraz wysyła notatkę z żądaniem okupu zawierającą dane kontaktowe. Grupa obsługuje witryny TOR i inne niż TOR w celu publikowania skradzionych danych. Próbki ransomware RA World zostały przesłane do publicznie dostępnej usługi skanowania plików z Holandii, Francji, Wielkiej Brytanii, Czech, Polski, Kolumbii i Japonii. W chwili pisania tego tekstu strony zawierające wyciek danych ransomware wymieniały 23 ofiary. Wymienione ofiary znajdują się w Niemczech, Wielkiej Brytanii, USA, Włoszech, Polsce, Indiach, Tajwanie, Meksyku, Francji, Tajlandii i Korei.","ransomware",2024-03-19
CoralRaider,"Cisco Talos wykrył nową kampanię trwającą co najmniej od lutego 2024 r. prowadzoną przez ugrupowanie zagrażające dystrybuujące trzy słynne złośliwe oprogramowanie służące do kradzieży informacji, w tym Cryptbot, LummaC2 i Rhadamanthys. Kampania dotyczy ofiar w wielu krajach, w tym w USA, Nigerii, Pakistanie, Ekwadorze, Niemczech, Egipcie, Wielkiej Brytanii, Polsce, Filipinach, Norwegii, Japonii, Syrii i Turcji. Osoba zagrażająca wykorzystuje pamięci podręczne sieci CDN (Content Delivery Network) do hostowania złośliwych plików i stosuje taktyki, takie jak pliki skrótów systemu Windows, skrypty PowerShell i technikę FoDHelper, aby ominąć kontrolę dostępu użytkownika (UAC).","infostealer,powershell",2024-04-24
FROZEN#SHADOW,"Zespół badawczy Securonix Threat Research zaobserwował złośliwą kampanię polegającą na wdrażaniu szkodliwego oprogramowania SSLoad wraz z implantami Cobalt Strike i oprogramowaniem ScreenConnect RMM, umożliwiając cyberprzestępcom infiltrację systemów, gromadzenie wrażliwych danych i ostatecznie przejęcie całej domeny Windows ofiary. Początkowym wektorem infekcji była wiadomość e-mail phishingowa zawierająca łącze do pliku JavaScript, który zapoczątkował wieloetapowe wdrożenie ładunku. Po wejściu do środka atakujący mogli zainstalować oprogramowanie RMM, przenieść się na boki, wyodrębnić dane uwierzytelniające i utworzyć złośliwe konto administratora domeny, narażając infrastrukturę organizacji.","phishing",2024-04-29
Latrodectus,"Proofpoint first observed new malware named Latrodectus in late November 2023, employed in email campaigns. While Latrodectus usage declined in December 2023 and January 2024, it resurged in February and March 2024 campaigns. Initially distributed by threat actor TA577 but later adopted by TA578, Latrodectus is an emerging downloader with sandbox evasion capabilities. Although sharing similarities with IcedID, researchers confirmed Latrodectus as a new malware likely created by IcedID's developers, exhibiting infrastructure overlap with historic IcedID operations.","phishing",2024-04-10
MidnightEclipse,"Krytyczna luka w zabezpieczeniach umożliwiająca wstrzykiwanie poleceń w oprogramowaniu Palo Alto Networks PAN-OS umożliwia nieuwierzytelnionemu atakującemu wykonanie dowolnego kodu z uprawnieniami roota na zaporze ogniowej. Luka, której przypisano CVE-2024-3400, ma ocenę CVSS 10,0. Ten problem dotyczy tylko zapór sieciowych PAN-OS 10.2, PAN-OS 11.0 i PAN-OS 11.1 skonfigurowanych z bramą GlobalProtect lub portalem GlobalProtect (lub obydwoma).",,2024-04-29
DNS_Tunelling_Campaign,"W tym artykule przedstawiono studium przypadku dotyczące nowych zastosowań tunelowania systemu nazw domen (DNS), które znaleźliśmy w środowisku naturalnym. Techniki te wykraczają poza tunelowanie DNS wyłącznie do celów dowodzenia i kontroli (C2) oraz wirtualnej sieci prywatnej (VPN). Złośliwi aktorzy czasami wykorzystują tunelowanie DNS jako ukryty kanał komunikacyjny, ponieważ mogą ominąć konwencjonalne zapory sieciowe. Umożliwia to wyciek ruchu C2 i danych, które mogą pozostać ukryte przed niektórymi tradycyjnymi metodami wykrywania.","dns_tunelling",2024-05-17
SolarMarker,"Rodzina bardzo trwałego i rozwijającego się złośliwego oprogramowania. Omówiono w nim ewolucję szkodliwego oprogramowania od 2020 r., szczegółowo opisując jego funkcjonalność, taktyki unikania i strategie ataków. W raporcie podkreślono również wielopoziomową infrastrukturę wspierającą SolarMarker, co ilustruje odporność i zaawansowanie ugrupowania zagrażającego w szybkiej odbudowie i strategicznym przenoszeniu infrastruktury w celu uniknięcia wykrycia. Ponadto wskazano w nim dużą liczbę ofiar w różnych sektorach, w szczególności w edukacji, opiece zdrowotnej, rządzie, hotelarstwie i MŚP, podkreślając powszechny wpływ tego zagrożenia.",,2024-05-17
Mallox,"Zespół z firmy zajmującej się bezpieczeństwem Sekoia zaobserwował serię ataków wymierzonych w wrażliwe zasoby, w tym oprogramowanie ransomware MS-SQL i Mallox, przy użyciu technik podobnych do stosowanych w oprogramowaniu ransomware PureCrypter.","MSSQL",2024-07-09
APT28,"Zespół CERT Polska bada zakrojoną na szeroką skalę kampanię złośliwego oprogramowania prowadzoną przez rosyjską grupę wywiadowczą APT28, która w zeszłym roku atakowała polskie instytucje rządowe i uważa się, że jest powiązana z GRU.","phishing",2024-05-17
Cerberus,"Niniejsza analiza skupia się na działalności grupy operatorów szkodliwego oprogramowania znanej jako Cerberus (dawniej Amnesia) Team, która specjalizuje się w rozprzestrzenianiu programów kradnących informacje, szczególnie w regionie Wspólnoty Niepodległych Państw (WNP). Zapewnia wgląd w ich działania, taktykę i ewolucję kampanii szkodliwego oprogramowania na przestrzeni czasu, rzucając światło na stale zmieniający się krajobraz działań cyberprzestępczych.","infostealer",2024-05-17
StrelaStealer,"Ostatnie obserwacje wskazują na wzrost rozprzestrzeniania się JavaScript StrelaStealer, złodzieja poświadczeń, który atakuje poświadczenia poczty e-mail Outlook i Thunderbird. Podczas gdy łańcuch infekcji przypomina poprzednie wersje, wdrożono dodatkowe kontrole, aby uniknąć naruszenia systemów w Rosji. Kampania jest obecnie ograniczona do Polski, Hiszpanii, Włoch i Niemiec. Złośliwe oprogramowanie wykorzystuje zaciemniony plik JavaScript dostarczany za pośrednictwem załączników e-mail, aby zainicjować łańcuch ataku, unikając wykrycia dzięki technikom samokopiowania i kodowania. Po uruchomieniu selektywnie infekuje systemy nierosyjskie i kradnie informacje o kontach e-mail, wysyłając je na zdalny serwer.","phishing,Outlook,stealer",2024-06-26
WARMCOOKIE,"Elastic Security Labs zidentyfikowało nową falę kampanii e-mailowych skierowanych do środowisk, wdrażając nowatorskiego backdoora o nazwie WARMCOOKIE, który komunikuje się za pośrednictwem parametrów plików cookie HTTP. Szkodnik ten jest początkowym narzędziem używanym do przeszukiwania sieci ofiar i wdrażania dodatkowych ładunków wraz z zakodowanymi na stałe serwerami dowodzenia i kontroli oraz kluczami szyfrowania. Może używać maszyn do pobierania odcisków palców, przechwytywać zrzuty ekranu, wykonywać polecenia i zarządzać plikami, stosując jednocześnie zaciemnianie, zapobieganie debugowaniu i sprawdzanie integralności. Podmioty zagrażające szybko tworzą nową infrastrukturę do obsługi kampanii phishingowych o tematyce rekrutacyjnej, które stanowią ogromne zagrożenie aktywnie wpływające na organizacje na całym świecie.","phishing,backdoor",2024-06-17
FIN7,"Analitycy zagrożeń Silent Push odkryli rozległą serię kampanii powiązanych z grupą cyberprzestępczą FIN7, w tym kilkaset aktywnych domen phishingowych, spoofingowych, shellowych i malware oraz adresów IP skierowanych do różnych organizacji. Kampanie wykorzystują ponad 4000 domen i subdomen, z czego prawie połowa była aktywna w ciągu ostatniego tygodnia. Wybitne globalne marki, takie jak Louvre Museum, Meta, Reuters, Microsoft i inne, były celem ataków. Grupa stosuje taktyki takie jak spearphishing, dystrybucja malware i wynajmowanie infrastruktury od dostawców hostingu bulletproof.","phishing,spearphishing,spoofing,malware",2024-07-16
BianLian,"Od momentu powstania w 2022 r. grupa ransomware BianLian szybko się rozwijała, prezentując zaawansowane techniki i dostosowując się do zmieniającego się krajobrazu cyberzagrożeń. Jest jedną z trzech najbardziej aktywnych grup ransomware pod względem postów ofiar po LockBit3 i AlphV. Aktorzy zagrożeń BianLian uzyskują początkowy dostęp, wykorzystując zagrożone dane uwierzytelniające protokołu RDP (Remote Desktop Protocol), prawdopodobnie uzyskane od osób trzecich lub za pośrednictwem phishingu. Zaobserwowano również, że wykorzystują luki w zabezpieczeniach urządzeń VPN ProxyShell i SonicWall, aby uzyskać początkowy dostęp do sieci. Wdrażają niestandardowe złośliwe oprogramowanie napisane w języku programowania Go, wykorzystując techniki Living off the Land (LOL), aby poruszać się bocznie i unikać wykrycia. Ich początkowe działania koncentrują się na szyfrowaniu danych i żądaniu okupu, wykorzystując niestandardowe tylne wejście w celu trwałości i dalszej eksploatacji.",,2024-07-16
Doppelganger,"Termin „doppelgänger” oznacza zbiór operacji manipulacji informacjami przeprowadzanych przez rosyjskich aktorów, którzy wykorzystują sieci społecznościowe i media cyfrowe w celu wspierania interesów Rosji3Najbardziej zauważalną cechą tych operacji jest podszywanie się pod popularne strony informacyjne w celu rozpowszechniania dezinformacji. Termin „Doppelgänger” jest również bezkrytycznie używany w badaniach publicznych do określania aktorów, operatorów i instytucji, które przyczyniają się do tych operacji. Biorąc pod uwagę, że HarfangLab ma siedzibę w Europie (Francja), byliśmy szczególnie wyczuleni na możliwe kampanie Doppelgängera podczas nieoczekiwanych przedterminowych wyborów parlamentarnych we Francji w czerwcu 2024 r. Doppelgänger rozprzestrzenia i wzmacnia sfabrykowane, fałszywe lub nawet prawdziwe informacje w sieciach społecznościowych. Aby to zrobić, konta w sieciach społecznościowych publikują linki, które inicjują zaciemniony łańcuch przekierowań prowadzący do stron z ostateczną treścią.",,2024-07-31
SharpRhino,"Zespół reagowania na incydenty Quorum Cyber ​​odkrył nowe złośliwe oprogramowanie SharpRhino, używane przez aktora zagrożeń Hunters International jako początkowy wektor infekcji i trojana zdalnego dostępu (RAT). To złośliwe oprogramowanie, zakodowane w języku C#, jest dostarczane za pośrednictwem domeny typosquattingowej podszywającej się pod Angry IP Scanner. Po uruchomieniu ustanawia trwałość i zapewnia zdalny dostęp, wykorzystując niewidziane techniki w celu uzyskania podwyższonych uprawnień.","RAT",2024-08-09
PureHVNC,"FortiGuard Labs odkryło wyrafinowaną kampanię ataku wykorzystującą wiele technik zaciemniania i unikania w celu dystrybucji i wykonywania różnych złośliwych oprogramowań, w tym VenomRAT, XWorm, AsyncRAT i PureHVNC. Kampania rozpoczyna się od wiadomości e-mail phishing zawierającej złośliwy załącznik, który inicjuje serię szkodliwych działań. Wszystkie złośliwe oprogramowania wykorzystują narzędzia do pakowania i zaciemniania, takie jak Kramer, donut i laZzzy, aby ukryć swoją obecność.","loader",2024-08-14
Snake_keylogger,"Snake Keylogger (znany również jako „404 Keylogger” lub „KrakenKeylogger”) to subskrypcyjny keylogger o wielu możliwościach. Jest to oprogramowanie oparte na .NET, pierwotnie sprzedawane na forum hakerów. Po uruchomieniu na komputerze ofiary, ma zdolność kradzieży poufnych danych, w tym zapisanych poświadczeń z przeglądarek internetowych i innego popularnego oprogramowania, schowka systemowego i podstawowych informacji o urządzeniu. Może również rejestrować naciśnięcia klawiszy i przechwytywać zrzuty ekranu.","keylogger,phishing",2024-09-04
Gamaredon,"Gamaredon to grupa powiązana z Rosją działająca od co najmniej 2013 r. i jest obecnie najbardziej aktywnym aktorem zagrożeń na Ukrainie, który skupia się głównie na instytucjach rządowych kraju, co z czasem zostało potwierdzone przez telemetrię ESET, w kilku raportach CERT-UA i innych oficjalnych organach ukraińskich. Uważamy, że ta grupa współpracuje z innym aktorem zagrożeń, którego odkryliśmy i nazwaliśmy InvisiMole. Większość ataków Gamaredona jest skierowana przeciwko ukraińskim instytucjom rządowym, ale widzieliśmy również kilka prób naruszenia celów w kilku krajach NATO, mianowicie w Bułgarii, Łotwie, Litwie i Polsce.","spear-phishing,malware,backdoor,apt",2024-09-30