query,threat_name
wpad.example.org,emotet
computer.example.org,emotet
vmss-prod-weu.westeurope.cloudapp.azure.com,emotet
vmss-prod-seas.southeastasia.cloudapp.azure.com,emotet
vmss-prod-eus.eastus.cloudapp.azure.com,emotet
windowsupdatebg.s.llnwi.net,emotet
vpn2.smi1egate.com,deeppanda_log4shell
svn1.smi1egate.com,deeppanda_log4shell
giga.gnisoft.com,deeppanda_log4shell
settings-win-dyndns-office.com,pandora_ransomware
ertimadifa.com,Russia-Ukraine
oceriesfornot.top,Russia-Ukraine
arelyevennot.top,Russia-Ukraine
dogiraftig.com,Russia-Ukraine
fikasterwer.top,Russia-Ukraine
jevejosader.top,Russia-Ukraine
naffalno.site,Russia-Ukraine
ndlestomak.top,Russia-Ukraine
reteredelete.top,Russia-Ukraine
ritionalvalueon.top,Russia-Ukraine
rivertimad.com,Russia-Ukraine
rresteraftin.com,Russia-Ukraine
successilin.top,Russia-Ukraine
winuvinnosluk.club,Russia-Ukraine
https://endoftheendi.com,Botnet_Zloader
https://sofftsportal.su,Botnet_Zloader
https://pornokeyxxx.pw,Botnet_Zloader
https://porno3xgirls.website,Botnet_Zloader
https://porno3xgirls.space,Botnet_Zloader
https://porno3xgirls.fun,Botnet_Zloader
https://porxnoxxx.site,Botnet_Zloader
https://porxnoxxx.pw,Botnet_Zloader
https://pornoxxxguru.space,Botnet_Zloader
https://helpdesksupport072089339.servicedesk.atera.com/GetAgent/Msi/?customerId=1&integratorLogin=izunogg1017@gmail.com,Botnet_Zloader
https://helpdesksupport350061558.servicedesk.atera.com/GetAgent/Msi/?customerId=1&integratorLogin=Ario.hi@rover.info,Botnet_Zloader
https://clouds222.com,Botnet_Zloader
https://teamworks455.com,Botnet_Zloader
https://commandaadmin.com,Botnet_Zloader
https://cmdadminu.com,Botnet_Zloader
https://checksoftupdate.com,Botnet_Zloader
https://datalystoy.com,Botnet_Zloader
https://updatemsicheck.com,Botnet_Zloader
https://dotxvcnjlvdajkwerwoh.com,Botnet_Zloader
https://aerulonoured.su,Botnet_Zloader
https://rec.kindplanet.us,Botnet_Zloader
agreminj.com,Russia-Ukraine
akaluij.com,Russia-Ukraine
anidoz.com,Russia-Ukraine
apeduze.com,Russia-Ukraine
apokil.com,Russia-Ukraine
arentuk.com,Russia-Ukraine
axikok.com,Russia-Ukraine
azimurs.com,Russia-Ukraine
baidencult.com,Russia-Ukraine
billiopa.com,Russia-Ukraine
blinkij.com,Russia-Ukraine
blopik.com,Russia-Ukraine
borizhog.com,Russia-Ukraine
britxec.com,Russia-Ukraine
dezword.com,Russia-Ukraine
drimzis.com,Russia-Ukraine
e5qo83-fedex.us,Russia-Ukraine
fluoxi.com,Russia-Ukraine
shikjil.com,Russia-Ukraine
shormanz.com,Russia-Ukraine
verofes.com,Russia-Ukraine
7gallery.com,emotet_april
clubmanager.net.ar,emotet_april
creemo.pl,emotet_april
dwwmaster.com,emotet_april
e5web.com.br,emotet_april
farschid.de,emotet_april
kupondigital.stormapp.in,emotet_april
president-office.gov.mm,mustang_panda
upespr.com,mustang_panda
fuckeryoumm.nmb.bet,mustang_panda
www.president-office.gov.mm,mustang_panda
www.zyber-i.com,mustang_panda
dilimoretast.com,quantum_locker
antnosience.com,quantum_locker
oceriesfornot.top,quantum_locker
arelyevennot.top,quantum_locker
advertbart.com,evilnum
appdllsvc.com,evilnum
azuredcloud.com,evilnum
bgamifieder.com,evilnum
bingapianalytics.com,evilnum
book-advp.com,evilnum
bookaustriavisit.com,evilnum
bookingitnow.org,evilnum
bunflun.com,evilnum
covdd.org,evilnum
deltacldll.com,evilnum
estoniaforall.com,evilnum
inetp-service.com,evilnum
infcloudnet.com,evilnum
khnga.com,evilnum
mailservice-ns.com,evilnum
meetomoves.com,evilnum
moreofestonia.com,evilnum
moretraveladv.com,evilnum
mscloudin.com,evilnum
msdllopt.com,evilnum
netrcmapi.com,evilnum
netwebsoc.com,evilnum
nortonalytics.com,evilnum
pcamanalytics.com,evilnum
refinance-ltd.com,evilnum
roblexmeet.com,evilnum
traveladvnow.com,evilnum
travelbooknow.org,evilnum
travinfor.com,evilnum
tripadvit.com,evilnum
udporm.com,evilnum
visitaustriaislands.com,evilnum
webinfors.com,evilnum
windnetap.com,evilnum
yomangaw.com,evilnum
32sssaawervvvv.biz,AiTM_phishing
adminmmi.biz,AiTM_phishing
auth2022.live,AiTM_phishing
cleanifl.com,AiTM_phishing
docpmsi.us,AiTM_phishing
vrtlsrvmapp.biz,AiTM_phishing
vrtofcvm.live,AiTM_phishing
login.actionspsort.cam,AiTM_phishing
login.akasmisoft.xyz,AiTM_phishing
login.aueuth11.live,AiTM_phishing
login.auth009.xyz,AiTM_phishing
login.auth2022.live,AiTM_phishing
login.auth83kl.live,AiTM_phishing
login.bittermann-hh.co,AiTM_phishing
login.cbhbanlc.com,AiTM_phishing
login.cleanifl.com,AiTM_phishing
login.clfonl365.xyz,AiTM_phishing
login.gddss36.live,AiTM_phishing
login.grodno-pl.com,AiTM_phishing
login.hfs923.shop,AiTM_phishing
login.karlandpearson.com,AiTM_phishing
login.klm2136.click,AiTM_phishing
login.login-micro.mcrsfts-passwdupdate.com,AiTM_phishing
login.mcrosfts-updata.live,AiTM_phishing
login.mcrosfts-update.cloud,AiTM_phishing
login.mcrosfts-update.digital,AiTM_phishing
login.mcrosftts-update.cloud,AiTM_phishing
login.mcrsft-audio.xyz,AiTM_phishing
login.mcrsfts-cloud.live,AiTM_phishing
login.mcrsfts-passwd.cloud,AiTM_phishing
login.mcrsfts-passwd.digital,AiTM_phishing
login.mcrsfts-passwdupdate.com,AiTM_phishing
login.mcrsfts-update.cloud,AiTM_phishing
login.mcrsfts-update.digital,AiTM_phishing
login.mcrsfts-virtualofficevm.com,AiTM_phishing
login.mcrsfts-voiceapp.digital,AiTM_phishing
login.mcrsftsvm-app.digital,AiTM_phishing
login.mcrsftsvm-app.live,AiTM_phishing
login.mcrsftsvoice-mail.cloud,AiTM_phishing
login.microsecurity.us,AiTM_phishing
login.microstoff.xyz,AiTM_phishing
login.mljs365.xyz,AiTM_phishing
login.mwhhncndn.xyz,AiTM_phishing
login.mycrsfts-passwd.live,AiTM_phishing
login.nmmnvvx.xyz,AiTM_phishing
login.qwwxthn.xyz,AiTM_phishing
login.seafoodsconnection.com,AiTM_phishing
login.sunmarks.co.uk,AiTM_phishing
login.tfosorcimonline.xyz,AiTM_phishing
login.whitmanlab.uk,AiTM_phishing
login.yi087011.xyz,AiTM_phishing
forkscenter.fr,Russia-Ukraine
nirsoft.me,Russia-Ukraine
xbeta.online,Russia-Ukraine
klareqvino.com,Monster_Libra
projectextracted.com,Monster_Libra
ultomductingbig.pro,Monster_Libra
wiandukachelly.com,Monster_Libra
alexbionka.com,Monster_Libra
fuvataren.com,Bumblebee
jerde.kreiger.info,Bumblebee
reilly.carroll.com,Bumblebee
stracke.lakin.windler.net,Bumblebee
D2ZBLLOLIROMFU.CLOUDFRONT.NET,REvil_Ransomware
ppaauuaa11232.cc,Lockbit
ACTU.AFRIKMEDIA.INFO,Opera1er
ACTU.BANQUEALTANTIQUE.NET,Opera1er
BAC.EIMARAGON.ORG,Opera1er
BAC.SENEGALSANTE.ORG,Opera1er
BLACKID-35778.PORTMAP.IO,Opera1er
BOA.EIMARAGON.ORG,Opera1er
BPRODUCTION.DUCKDNS.ORG,Opera1er
BPRODUCTION.ZAPTO.ORG,Opera1er
CHANCE2019.DDNS.NET,Opera1er
CNAM.MYVNC.COM,Opera1er
COBALT.WARII.CLUB,Opera1er
CONTACT.SENEGALSANTE.ORG,Opera1er
DOWNLOAD.NORTONUPDATE.COM,Opera1er
DRIVER.EIMARAGON.ORG,Opera1er
FUCK90.DUCKDNS.ORG,Opera1er
HUNTERX1-37009.PORTMAP.IO,Opera1er
INFO.SENEGALSANTE.ORG,Opera1er
KASPERSKY-LAB.ORG,Opera1er
MCAFEE-ENDPOINT.COM,Opera1er
MICROSOFT-AF.COM,Opera1er
NEWS.BANQUEALTANTIQUE.NET,Opera1er
NEWS.CORIS-BANK.FR,Opera1er
NOREPLYROBOT.DUCKDNS.ORG,Opera1er
OPERAN.DDNS.NET,Opera1er
PERSONNELS.BDM-SA.FR,Opera1er
SERVEUR1.HOPTO.ORG,Opera1er
UPDATE.MCAFEE-ENDPOINT.COM,Opera1er
UPDATE.MICROSOFT-AF.COM,Opera1er
UPDATE.KASPERSKY-LAB.ORG,Opera1er
WINDOWSUPDATERS.ZAPTO.ORG,Opera1er
WINDOWSUPGRADERS.DDNS.NET,Opera1er
WINSEC.DDNS.NET,Opera1er
WINSEC.SENEGALSANTE.ORG,Opera1er
WINSEC.WARII.CLUB,Opera1er
WSUS.MICROSOFT-AF.COM,Opera1er
atlantia.sca.org,emotet_november
www.conceptagency.net,emotet_november
dacsandongthapmuoi.vn,emotet_november
pricoat.com.mx,emotet_november
datie-tw.com,emotet_november
talles.atwebpages.com,emotet_november
annuncivendereairussi.it,emotet_november
demo.cansunoto.com,emotet_november
dazzlecollections.co.za,emotet_november
www.daxberger.at,emotet_november
mipa.uns.ac.id,emotet_november
controlnetworks.com.au,emotet_november
annunziato.com.br,emotet_november
chacaltattoo.com.br,emotet_november
www.lysarbopaysage.fr,emotet_november
times.my,emotet_november
aymanwahdan.at,emotet_november
amorecuidados.com.br,emotet_november
db.rikaz.tech,emotet_november
yjlianyi.top,emotet_november
chist.com,emotet_november
www.iam.ch,emotet_november
mecaprog.com,emotet_november
cloudxml.com.br,emotet_november
www.charmingsoftech.com,emotet_november
bosny.com,emotet_november
retardantedefuegoperu.com,emotet_november
bytesendesign.nl,emotet_november
www.3d-stickers.com,emotet_november
demirelmarka.com,emotet_november
www.angloextrema.com.br,emotet_november
www.thebeginningstore.in,emotet_november
www.careofu.com,emotet_november
royreid.co.uk,emotet_november
voinet.ca,emotet_november
campusconindigital.org,emotet_november
blacksebo.de,emotet_november
barkstage.es,emotet_november
cheffsys.com,emotet_november
contactworks.nl,emotet_november
demarsoft.com,emotet_november
aibwireless.com,emotet_november
spinbalence.com,emotet_november
ruitaiwz.com,emotet_november
ly.yjlianyi.top,emotet_november
wijsneusmedia.nl,emotet_november
aquariorecords.com.br,emotet_november
alvaovillagecamping.pt,emotet_november
angel-tn.idv.tw,emotet_november
a.angel-tn.idv.tw,emotet_november
vourakilina.gr,emotet_november
sat7ate.com,emotet_november
aldina.jp,emotet_november
cagdassahin.com,emotet_november
scienceontheweb.net,emotet_november
audioselec.com,emotet_november
geringer-muehle.de,emotet_november
intolove.co.uk,emotet_november
isc.net.ua,emotet_november
xinmoshiwang.com,emotet_november
copunupo.ac.zm,emotet_november
trentonkaizerfak.com,IcedID
anisamnatyrel.com,IcedID
gromsdaxert.com,IcedID
hubvapes.com,Qbot
lifecode.net.br,Qbot
minecraft.ro,Qbot
nomadeyo.com,Qbot
searcher69.de,Qbot
southern.edu.pe,Qbot
swastikpackers.in,Qbot
toptechgiants.com,Qbot
cevogesu.com,Bumblebee
titojukus.com,Bumblebee
love82.duckdns.org,Netwire_RAT
express-vpns.biz,Redline_stealer
express-vpns.cloud,Redline_stealer
express-vpns.fun,Redline_stealer
express-vpns.online,Redline_stealer
express-vpns.pro,Redline_stealer
express-vpns.xyz,Redline_stealer
descontador.com.br,emotet_november
www.elaboro.pl,emotet_november
el-energiaki.gr,emotet_november
drechslerstammtisch.de,emotet_november
dhnconstrucciones.com.ar,emotet_november
dilsrl.com,emotet_november
afribookmarket.com,Qbot
argroups.pk,Qbot
artbeyondart.com,Qbot
artofthreadingcorp.com,Qbot
atelier-pro-concept.fr,Qbot
bittotb.com,Qbot
bjkb.gov.bd,Qbot
calzadoflowerss.com,Qbot
capricornintegratedsolutions.com,Qbot
carwashpolishbd.com,Qbot
cecati61.com,Qbot
desilondonhousing.com,Qbot
diamondnotary.net,Qbot
diplomamedical.com,Qbot
eaesanat.com,Qbot
gegoneba.com,Qbot
gentechsolutions.co.tz,Qbot
headspace.ng,Qbot
herhealthndhappiness.org,Qbot
icagents.com,Qbot
itegglobal.com,Qbot
jimmyjamtshirts.com,Qbot
jtkproducciones.com,Qbot
kurdtube.xyz,Qbot
laworders.net,Qbot
learnquran.co.nz,Qbot
lincolnsale.com,Qbot
lisatour.org,Qbot
lordglass.com,Qbot
oilreach.co.uk,Qbot
oladimejiabubakar.com,Qbot
osevic.com,Qbot
palmarspj.com,Qbot
petprovince.com,Qbot
pramesh.in,Qbot
puertasautomaticasenhidalgo.com.mx,Qbot
rushed2u.com,Qbot
sherpaassociationusa.org,Qbot
stewartroadhoglogisticsllc.com,Qbot
trustguaranteedco.com,Qbot
welive2sell.com,Qbot
zanjira.com,Qbot
adityawebdesigns.in,Qbot
alphamead.com,Qbot
apotekmedic.com,Qbot
bairesservicios.net,Qbot
bprartaagung.co.id,Qbot
cebajaepuno.edu.pe,Qbot
chenchenweightloss.com,Qbot
conceitosconsultores.com.br,Qbot
contamed.com.br,Qbot
desa-nifukani.my.id,Qbot
erhansaygili.com,Qbot
faraneshlv.com,Qbot
firstzonevillas.com,Qbot
hkdesign-lb.com,Qbot
homelandtraders.com,Qbot
iehegypt.com,Qbot
jutestickcharcoal.com,Qbot
kalconprojects2020.com,Qbot
kerafill.com,Qbot
klouddata.com,Qbot
nasakaachau.com.vn,Qbot
novohrad.hu,Qbot
reymanenergy.com,Qbot
sebpobd.com,Qbot
smmcfan.com,Qbot
therightfit.pk,Qbot
thortechdigital.id,Qbot
tlcskinpj5.xyz,Qbot
venzonthomas.com,Qbot
vinagalab.com,Qbot
westcovinasportsplex.net,Qbot
yournin.com.ng,Qbot
ababiil.com,Qbot
affordablessaysolution.com,Qbot
alita-ks.com,Qbot
athath-jda.com,Qbot
azimute4.com.br,Qbot
bakedbyjustbaked.com,Qbot
didianacozinha.com.br,Qbot
distillcraft.co.za,Qbot
dubafricars.com,Qbot
ensinamosaqui.com.br,Qbot
jawaidbross.com,Qbot
marcoscantori.com.ar,Qbot
mumbralive.com,Qbot
pekar.pt,Qbot
quacklabs.co.in,Qbot
raissatec.ma,Qbot
ridtechzone.com,Qbot
samahouran.ae,Qbot
sheikh.co.tz,Qbot
shivaniskinclinic.com,Qbot
spateltraders.com,Qbot
tashteepat.com,Qbot
travelneedshelp.com,Qbot
websitedemo2021.com,Qbot
sciiultaelinoza.com,IcedID
api.floppasoftware.com,emotet_november
mesh.floppasoftware.com,emotet_november
agent-api.atera.com,Lunamoth
sn.splashtop.com,Lunamoth
downloads.rclone.org,Lunamoth
acsyruse.xyz,Lunamoth
adipiscing.xyz,Lunamoth
aeucc.xyz,Lunamoth
cookingbyzoho.com,Lunamoth
cookwithzoho.com,Lunamoth
deserunt.xyz,Lunamoth
dictumst.xyz,Lunamoth
eesse.xyz,Lunamoth
fringilla.xyz,Lunamoth
germanbyduolingo.com,Lunamoth
masaay.xyz,Lunamoth
massay.xyz,Lunamoth
masyaa.xyz,Lunamoth
maysaa.xyz,Lunamoth
mczoho.com,Lunamoth
molestie.xyz,Lunamoth
moolit.xyz,Lunamoth
myaaas.xyz,Lunamoth
subscriptionduolingo.com,Lunamoth
tincidunt.xyz,Lunamoth
ullamm.xyz,Lunamoth
ultrices.xyz,Lunamoth
volutpat.xyz,Lunamoth
zohocook.com,Lunamoth
zohokitchen.com,Lunamoth
zoholanguageclass.com,Lunamoth
ticketingitemsstoreeu.blob.core.windows.net,Lunamoth
unleashed.in,Qbot
afccoservices.com,Qbot
galaxyengineers.net,Qbot
lesindispensables01.fr,Qbot
psinformatica.inf.br,Qbot
rivashaa.com,Qbot
ultimateservices.org,Qbot
uniconnectcentre.com,Qbot
al-raed.ps,Qbot
cataclysm.pe,Qbot
culmenodontologia.cl,Qbot
desanalabs.info,Qbot
docklandsacc.com,Qbot
fivo.digital,Qbot
fraferconsulting.com,Qbot
globusmarine.in,Qbot
imbspa.org,Qbot
iqcryptotrading.com,Qbot
jewelleryhub.co.in,Qbot
metrotube.com.my,Qbot
pnp.ma,Qbot
samemee.com,Qbot
smartvisioncargo.com,Qbot
tauruspartners.net,Qbot
therapeuticcare.com.au,Qbot
zol3x.ir,Qbot
maklis.com.mx,Qbot
rxp.com,Qbot
abcflores.cl,Qbot
adolphochs.com,Qbot
aiimtvns.com,Qbot
alayarencontre.com,Qbot
albaytar.net,Qbot
alkneer.life,Qbot
azmistudio.com,Qbot
bluetci.com,Qbot
btb-aircon.vn,Qbot
carmanaz.com,Qbot
cdlto.com.br,Qbot
dabeecao.org,Qbot
dgpoker88.online,Qbot
emagrecercomsaude.digital,Qbot
emmanuelalexisaiko.com,Qbot
entreprises-dynamiques.fr,Qbot
errorsworld.com,Qbot
fcl-egypt.com,Qbot
fgtransportservice.it,Qbot
footballgems.live,Qbot
fullminelogistics.co.ug,Qbot
fysolar.tech,Qbot
genuspaper.com,Qbot
gripacheck.pe,Qbot
hannafoldy.hu,Qbot
hocogiasi.com,Qbot
homeservices.bj,Qbot
idealfirstaid.com,Qbot
idyllicventures.com,Qbot
incsite.mx,Qbot
interioworlds.com,Qbot
irentcarrental.com,Qbot
irtshop-promo.com,Qbot
jinna.vn,Qbot
johnbrown.info,Qbot
kabbalahsecrets.com,Qbot
kientructayho.vn,Qbot
kund.mpp.se,Qbot
kurtaetterem.hu,Qbot
kviacm.com,Qbot
lashdesign.com.au,Qbot
lastminute-escapes.com,Qbot
learnoviame.com,Qbot
lmlsolutions.lk,Qbot
loncotoro.cl,Qbot
mamimami.com.br,Qbot
metodolucrativonline.com.br,Qbot
mexgroup.com.mx,Qbot
monitorhealthcare.com,Qbot
mtechthesis.com,Qbot
netbd.net,Qbot
nhathuochaiduong.com,Qbot
notunprithivi.com,Qbot
o3-r-ei9ioj7yk-i7uc.com.co,Qbot
onemarketperu.com,Qbot
perunaturtex.com,Qbot
pioneersteelgroup.com,Qbot
poochtopaws.com,Qbot
porallasilks.com,Qbot
pyramids-egypt.com,Qbot
radiocaminoalcielo.online,Qbot
ragsistemas.net,Qbot
rallydeinnovacion.org,Qbot
realpub.org,Qbot
relaxedlife.online,Qbot
rentverify.net,Qbot
rincamper.com,Qbot
riva1000.com,Qbot
s4acic.co.uk,Qbot
seges.com.co,Qbot
selon.one,Qbot
senacosmetics.com,Qbot
shortcutboosting.com,Qbot
sreeramdyes.com,Qbot
ssimex.com,Qbot
standoutuk.com,Qbot
study-ground.net,Qbot
synapsedairy.com,Qbot
synergymobile.in,Qbot
talhaiti.com,Qbot
ti2.in,Qbot
tradingbinaryprofit.com,Qbot
travelfareonline.com,Qbot
tvojpogled.rs,Qbot
wanderlustceylontours.online,Qbot
webtypemedia.com,Qbot
zonetvv.online,Qbot
brancoperu.com,Qbot
davidkujawa.com,Qbot
dynapowerusa.com,Qbot
spkdeutshnewsupp.com,emotet
anydleslk-download.com,Rhadamanthys
bluestacks-install.com,Rhadamanthys
install-anydesk.com,Rhadamanthys
install-anydeslk.com,Rhadamanthys
install-zoom.com,Rhadamanthys
istaller-zoom.com,Rhadamanthys
zoom-meetings-download.com,Rhadamanthys
zoom-meetings-install.com,Rhadamanthys
zoom-video-install.com,Rhadamanthys
zoomus-install.com,Rhadamanthys
zoomvideo-install.com,Rhadamanthys
noteepad.hasankahrimanoglu.com.tr,Rhadamanthys
tom56gaz6poh13f28.myftp.org,NoName057
zig35m48zur14nel40.myftp.org,NoName057
wagringamuk.com,IcedID
allertmnemonkik.com,IcedID
qsertopinajil.com,IcedID
plutoheadingo.com,IcedID
klayerziluska.com,IcedID
umousteraton.com,IcedID
messenger-download.top,Aurora
download.balint.info.hu,Aurora
kodfem.hemsida.eu,Aurora
geringer-muehle.de,emotet
coadymarine.com,emotet
chist.com,emotet
blacksebo.de,emotet
bikkviz.com,emotet
bayernbadabum.com,emotet
audioselec.com,emotet
2fsecurityaffairs.com,emotet
intolove.co.uk,emotet
7zip-archiver.top,Google_ads
7zip-lab.top,Google_ads
ads-check.com,Google_ads
advertising-check.ru,Google_ads
aimp.software,Google_ads
archiver-7zip.software,Google_ads
archiver-7zip.top,Google_ads
awesome-project.software,Google_ads
ccleaner.software,Google_ads
cdn-download.top,Google_ads
converterusb.pro,Google_ads
dockeerf.space,Google_ads
dooker.space,Google_ads
download.wintershq.click,Google_ads
downloaders.software,Google_ads
download-pool.top,Google_ads
download-rufus.top,Google_ads
extremebot.software,Google_ads
filezilla.space,Google_ads
ginmp.org,Google_ads
guntertraining.com,Google_ads
kmplayer.software,Google_ads
libre-offlce.top,Google_ads
lightshoot.top,Google_ads
lightshot.software,Google_ads
lightshot-screen.top,Google_ads
lirbeoflice.space,Google_ads
media-vlc.top,Google_ads
notepad-editor.site,Google_ads
pdf-tools.software,Google_ads
perfectbrows.mx,Google_ads
rar-archiver.top,Google_ads
rar-lab.software,Google_ads
rar-lab.top,Google_ads
rufus-download.software,Google_ads
rufus-download.top,Google_ads
soft-rufus.top,Google_ads
softs-lab.ru,Google_ads
teamvieweir.online,Google_ads
team-viewer-com.top,Google_ads
terminal-tradingview.top,Google_ads
top-wallet.software,Google_ads
tor-browser.software,Google_ads
torrent-tools.software,Google_ads
trading-terminal.software,Google_ads
trading-terminal.top,Google_ads
tradingview-terminal.top,Google_ads
us-thunderbird-soft.com,Google_ads
vlc-media.software,Google_ads
vlc-media.top,Google_ads
vlc-mediaplayer.top,Google_ads
vvv-docker-us.com,Google_ads
winrar-archiver.top,Google_ads
winrar-lab.top,Google_ads
wvw-docker-us.com,Google_ads
wvwwanydeskcom.top,Google_ads
anydak.online,Google_ads
tthunderbir.space,Google_ads
LOCKBITKS2TVNMWK.ONION,Lockbit
LOCKBIT-DECRYPTOR.COM,Lockbit
ORANGEBRONZE.COM,Lockbit
charlotteblackfilmfestival.com,Qbot
ebenezersecurelinks.com,Qbot
ezintern.com,Qbot
fcs-courier.com,Qbot
klearpressltd.com,Qbot
plasticsurgerydubaiuae.com,Qbot
unitedmedicalspecialties.com,Qbot
zadehgallery.com,Qbot
barm.ml,Qbot
brikscorp.com,Qbot
cellnetmw.com,Qbot
curve.best,Qbot
desimart.ae,Qbot
kngshop.ci,Qbot
mbfashioninternationalltd.com,Qbot
mycallsystem.com,Qbot
tangramgulf.com,Qbot
traholic.com,Qbot
isc901.com,Qbot
jangidmotors.com,Qbot
jkanordic.com,Qbot
maestrosantamaria.com,Qbot
milestonedestinations.com,Qbot
nmconcepts.com,Qbot
nstechdemo.com,Qbot
renaissance-chauffage-climatisation.com,Qbot
selectsecurityservice.com,Qbot
ehonlionetodo.com,IcedID
noosaerty.com,IcedID
renomesolar.com,IcedID
quasharr.ddns.net,AsyncRAT
quasharr21.ddns.net,AsyncRAT
quasharr22.ddns.net,AsyncRAT
quasharr33.ddns.net,AsyncRAT
poliovocalist.com,Lockbit
ciborkumari.xyz,RoyalRansomware
gororama.com,RoyalRansomware
myappearinc.com,RoyalRansomware
parkerpublic.com,RoyalRansomware
softeruplive.com,RoyalRansomware
sombrat.com,RoyalRansomware
tumbleproperty.com,RoyalRansomware
altocloudzone.live,RoyalRansomware
ckav.ru,Lokibot
efvsx.gq,Lokibot
embassy.us,Russia-Ukraine
navalny.team,Russia-Ukraine
oleksandrmerezhko.com,Russia-Ukraine
iaea.com.uk,Russia-Ukraine
afterburner-software.net,Rhadamanthys
afterburner-software.org,Rhadamanthys
afterburnermsi-download.com,Rhadamanthys
blahder3dsoft.store,Rhadamanthys
blender-download.com,Rhadamanthys
blender-download.net,Rhadamanthys
blender-download.org,Rhadamanthys
blender3d-download.com,Rhadamanthys
blender3d-download.net,Rhadamanthys
blender3d-download.org,Rhadamanthys
blender3d-software.com,Rhadamanthys
blender3d-software.net,Rhadamanthys
blender3d-software.org,Rhadamanthys
blender3ds-download.com,Rhadamanthys
blender3ds-download.net,Rhadamanthys
blender3ds-download.org,Rhadamanthys
blenders3d-download.com,Rhadamanthys
blenders3d-download.net,Rhadamanthys
blenders3d-download.org,Rhadamanthys
desktop-tradingview.net,Rhadamanthys
desktop-tradingview.org,Rhadamanthys
download-tradingview.net,Rhadamanthys
download-tradingview.org,Rhadamanthys
overclock-msi.com,Rhadamanthys
overclock-msi.net,Rhadamanthys
overclock-msi.org,Rhadamanthys
project-obs.com,Rhadamanthys
project-obs.net,Rhadamanthys
project-obs.org,Rhadamanthys
studio-obs.com,Rhadamanthys
studio-obs.net,Rhadamanthys
studio-obs.org,Rhadamanthys
tradingview-software.com,Rhadamanthys
tradingview-software.net,Rhadamanthys
tradingview-software.org,Rhadamanthys
tradingviews-software.com,Rhadamanthys
tradingviews-software.net,Rhadamanthys
tradingviews-software.org,Rhadamanthys
unity-download.com,Rhadamanthys
unity-download.net,Rhadamanthys
unity-download.org,Rhadamanthys
unity-software.net,Rhadamanthys
unity-software.org,Rhadamanthys
unityhub-download.com,Rhadamanthys
unityhub-download.net,Rhadamanthys
unityhub-download.org,Rhadamanthys
webull-download.com,Rhadamanthys
webull-download.net,Rhadamanthys
webull-download.org,Rhadamanthys
evilextractor.com,OneNote
waojernote.com,OneNote
vielagroglobal.com,OneNote
thetwindollar.com,OneNote
tassoinmobiliaria.com,OneNote
starcomputadoras.com,OneNote
somosacce.org,OneNote
shifa365.com,OneNote
sellscentre.com,OneNote
sahifatinews.com,OneNote
rmbonlineshop.com,OneNote
renomesolar.com,OneNote
preproddemo.com,OneNote
plasticsurgerydubaiuae.com,OneNote
ozcontests.com,OneNote
oiartzunirratia.eus,OneNote
notefudeal.com,OneNote
myvigyan.com,OneNote
microbraintechnology.com,OneNote
laoitserv.com,OneNote
finetuning-digital.com,OneNote
fcs-courier.com,OneNote
ezintern.com,OneNote
energizett.com,OneNote
ehonlionetodo.com,OneNote
codezian.com,OneNote
casualscollection.com,OneNote
bugiplaysec.com,Winter_Vivern
marakanas.com,Winter_Vivern
ocs-romastasec.com,Winter_Vivern
ocspdep.com,Winter_Vivern
security-ocsp.com,Winter_Vivern
troadsecow.com,Winter_Vivern
akipress.news,YoroTrooper
archive-downloader.com,YoroTrooper
attachment-posts.cc,YoroTrooper
becloud.cc,YoroTrooper
becloud.website,YoroTrooper
belaes.by.authentication.becloud.cc,YoroTrooper
belstat.gov.by.attachment-posts.cc,YoroTrooper
capitaltrust.uz,YoroTrooper
cloud.archive-downloader.com,YoroTrooper
doc.az-link.email,YoroTrooper
docscpcpipe.inro.link,YoroTrooper
download.az-link.email,YoroTrooper
e-aks.uz,YoroTrooper
e.login.mail-ru.link,YoroTrooper
e.mail.ru.autn.tech,YoroTrooper
e.mail.ru.mypolicy.top,YoroTrooper
e.mail.ru.portal-inbox.com,YoroTrooper
e.nail.ru.imbox.link,YoroTrooper
account.mail.ru.sigriup.site,YoroTrooper
account.nail.ru.horme.info,YoroTrooper
account.nail.ru.inro.link,YoroTrooper
accountyandex.inro.link,YoroTrooper
hbfyewtuvfbhsbdjhjwebfy.net,YoroTrooper
hse.ru.attachment-posts.cc,YoroTrooper
imbox.link,YoroTrooper
industry.tj.mypolicy.top,YoroTrooper
mail.agro.gov.kg.openingfile.net,YoroTrooper
mail.belaes.by.authentication.becloud.cc,YoroTrooper
mail.economy.qov.az-link.email,YoroTrooper
mail.g-cloud.by.authentication.becloud.cc,YoroTrooper
mail.gov.az-link.email,YoroTrooper
mail.hse.ru.attachment-posts.cc,YoroTrooper
mail.iacis.ru.autn.tech,YoroTrooper
mail.mfa.az-link.email,YoroTrooper
mail.mfa.gov.kg.openingfile.net,YoroTrooper
mail.mgimo.ru.sigriup.site,YoroTrooper
mail.ru.authentification.becloud.cc,YoroTrooper
mailacgov.inro.link,YoroTrooper
mailaviacomplect.inro.link,YoroTrooper
maileecommission.inro.link,YoroTrooper
mfa-tj.download,YoroTrooper
minsk.gov.by.attachment-posts.cc,YoroTrooper
moscpcpipe.inro.link,YoroTrooper
mypolicy.top,YoroTrooper
newint.mid.ru.owaut.ru,YoroTrooper
openingfile.net,YoroTrooper
portal-inbox.com,YoroTrooper
rnail.iterrf.ru.inro.link,YoroTrooper
rnail.mintrans.gov.ru.inro.link,YoroTrooper
rnail.rnid.ru.inro.link,YoroTrooper
srm.mfa.tj.uzdaily.news,YoroTrooper
sts.mfa.gov.tr.mypolicy.top,YoroTrooper
true.az-link.email,YoroTrooper
DIASGALLERY.COM,emotet
SNAPTIKT.COM,emotet
ESENTAI-GOURMET.KZ,emotet
189DOM.COM,emotet
MTP.EVOTEK.VN,emotet
MIDCOASTSUPPLIES.COM.AU,emotet
chatgpt-t.com,BatLoader
zoomvideor.com,BatLoader
adobe-l.com,BatLoader
freecad-l.com,BatLoader
microso-t.com,BatLoader
spotify-uss.com,BatLoader
quickbooks-q.com,BatLoader
freecad-f.com2,BatLoader
java-s.com,BatLoader
adobe-e.com,BatLoader
anydesk-o.com,BatLoader
anydesk-r.com,BatLoader
java-r.com,BatLoader
tableau-r.com,BatLoader
java-a.com,BatLoader
basecamp-a.com,BatLoader
adobe-a.com,BatLoader
visualstudio-t.com,BatLoader
openoffice-a.com,BatLoader
bitwarden-t.com,BatLoader
gimp-t.com,BatLoader
figma-t.com6,BatLoader
shvarcnegerhistory.com,BatLoader
Pixelarmada.su,BatLoader
uelcoskdi.ru,BatLoader
iujdhsndjfks.ru,BatLoader
isoridkf.ru,BatLoader
gameindikdowd.ru,BatLoader
jhgfdlkjhaoiu.su,BatLoader
reggy506.ru,BatLoader
reggy914.ru,BatLoader
ocs-romastassec.com,Winter_Vivern
oscp-avanguard.com,Winter_Vivern
nepalihemp.com,Winter_Vivern
samoloangu.com,IcedID
sanoradesert.com,IcedID
steepenmount.com,IcedID
guidassembler.com,IcedID
palasedelareforma.com,IcedID
whothitheka.com,IcedID
trbiriumpa.com,IcedID
svoykbragudern.com,IcedID
olifamagaznov.com,IcedID
neonmilkustaers.com,IcedID
hrowerknifi.com,IcedID
ebothlips.com,IcedID
UPSCALIFORNIA.US,emotet
WEBBANDI.HU,emotet
XEBABANHCHOHANG.VN,emotet
YOURBANKRUPTCYPARTNER.COM,emotet
BURGARELLAQUANTUMHEALING.ORG,emotet
FAISONFILMS.COM,emotet
ROVIEL.MX,emotet
WAHKIULOGISTICS.COM.HK,emotet
YAHIR-FZ.COM,emotet
YEDIRENKAJANS.COM,emotet
closed.theworkpc.com,Earth_Preta
appcloud.appmdb.com,Earth_Preta
p1.feefreepool.net,emotet
gb7ni5rgeexdcncj.onion,emotet
mkhkjxgchtfgu7uhofxzgoawntfzrkdccymveektqgpxrpjb72oq.zero,emotet
p2.feefreepool.net,emotet
p3.feefreepool.net,emotet
sawabfoundation.net,Kampania_szpiegowska_rosja
communitypowersports.com,Kampania_szpiegowska_rosja
sanjosemotosport.com,Kampania_szpiegowska_rosja
badriatimimi.com,Kampania_szpiegowska_rosja
pateke.com,Kampania_szpiegowska_rosja
gatewan.com,Kampania_szpiegowska_rosja
sharpledge.com,Kampania_szpiegowska_rosja
sylvio.com.br,Kampania_szpiegowska_rosja
deadwinston.com,IcedID
shoterqana.com,IcedID
villageskaier.com,IcedID
logical-waters-377622.appspot.com,IcedID
xlongactive.su,GuLoader
appcisco.com,Bumblebee
baveyek.com,Bumblebee
evilextractor.com,EvilExtractor
evilextracom.com,EvilExtractor
telemistry.net,More_eggs
ukmedia.store,More_eggs
windowsupdatebg.s.llnwi.net,More_eggs
abhishekmeena.in,Qbot
chimpcity.com,Qbot
agtendelperu.com,Qbot
capitalperurrhh.com,Qbot
centerkick.com,Qbot
kmphi.com,Qbot
graficalevi.com.br,Qbot
propertynear.co.uk,Qbot
rosewoodlaminates.com,Qbot
theshirtsummit.com,Qbot
cica.com.co,Qbot
port3000newspm.duckdns.org,Xworm
,Israel_Based_BEC_Attacks

a-secure.cloud,Israel_Based_BEC_Attacks
ah-av.com,Israel_Based_BEC_Attacks
bm-lawyers.link,Israel_Based_BEC_Attacks
board-ftp.com,Israel_Based_BEC_Attacks
board-ip.com,Israel_Based_BEC_Attacks
box-securized.com,Israel_Based_BEC_Attacks
box-securizing.com,Israel_Based_BEC_Attacks
ccl2srv.com,Israel_Based_BEC_Attacks
ccssl3.com,Israel_Based_BEC_Attacks
cell-secure2.online,Israel_Based_BEC_Attacks
cellmobile.online,Israel_Based_BEC_Attacks
company-encrypted.com,Israel_Based_BEC_Attacks
conf-mail.com,Israel_Based_BEC_Attacks
corpo-rate.xyz,Israel_Based_BEC_Attacks
csmtph.com,Israel_Based_BEC_Attacks
csmtpq.com,Israel_Based_BEC_Attacks
domaine-encrypted.online,Israel_Based_BEC_Attacks
ecrypter-webmails.com,Israel_Based_BEC_Attacks
ecryptor-webmails.online,Israel_Based_BEC_Attacks
el-jl.com,Israel_Based_BEC_Attacks
email-secure.exchange,Israel_Based_BEC_Attacks
emailer-encryptor.com,Israel_Based_BEC_Attacks
en-oi.com,Israel_Based_BEC_Attacks
es-ho.com,Israel_Based_BEC_Attacks
esmtp388.com,Israel_Based_BEC_Attacks
esmtp94.com,Israel_Based_BEC_Attacks
fmisystems.tech,Israel_Based_BEC_Attacks
from-my-iphone.com,Israel_Based_BEC_Attacks
from-myiphone.com,Israel_Based_BEC_Attacks
frommobile81.com,Israel_Based_BEC_Attacks
ho-et.com,Israel_Based_BEC_Attacks
if-hq.com,Israel_Based_BEC_Attacks
imap33.com,Israel_Based_BEC_Attacks
imappix.com,Israel_Based_BEC_Attacks
incorp-tax.com,Israel_Based_BEC_Attacks
intern-mail1.com,Israel_Based_BEC_Attacks
intern-mobile.com,Israel_Based_BEC_Attacks
intern33.com,Israel_Based_BEC_Attacks
interncorp.tech,Israel_Based_BEC_Attacks
internmail.tech,Israel_Based_BEC_Attacks
intranet-board.com,Israel_Based_BEC_Attacks
intranet-ip.com,Israel_Based_BEC_Attacks
io-ic.com,Israel_Based_BEC_Attacks
Appendix: Associated Domains,Israel_Based_BEC_Attacks
io-nc.com,Israel_Based_BEC_Attacks
ios-smtp.com,Israel_Based_BEC_Attacks
is-ho.com,Israel_Based_BEC_Attacks
is-ni.com,Israel_Based_BEC_Attacks
jl-el.com,Israel_Based_BEC_Attacks
mail-phone1.com,Israel_Based_BEC_Attacks
mail039.com,Israel_Based_BEC_Attacks
mail3495.com,Israel_Based_BEC_Attacks
mobile039.com,Israel_Based_BEC_Attacks
mobilefw.com,Israel_Based_BEC_Attacks
mobilejp.co,Israel_Based_BEC_Attacks
mx0records.com,Israel_Based_BEC_Attacks
mx1records.co,Israel_Based_BEC_Attacks
mx2records.co,Israel_Based_BEC_Attacks
mxrecords.co,Israel_Based_BEC_Attacks
mzl-confidential.com,Israel_Based_BEC_Attacks
outlook-relay.com,Israel_Based_BEC_Attacks
phone-securemail.com,Israel_Based_BEC_Attacks
phone-ssl2.com,Israel_Based_BEC_Attacks
phonesmtp.com,Israel_Based_BEC_Attacks
pop2sl.com,Israel_Based_BEC_Attacks
pop3fr.com,Israel_Based_BEC_Attacks
private-mail1.fr,Israel_Based_BEC_Attacks
relayformobile.com,Israel_Based_BEC_Attacks
secure-mobile08.com,Israel_Based_BEC_Attacks
secure-mobile81.com,Israel_Based_BEC_Attacks
securemobile02.com,Israel_Based_BEC_Attacks
securemobile33.com,Israel_Based_BEC_Attacks
send-phone.com,Israel_Based_BEC_Attacks
sending-phone.com,Israel_Based_BEC_Attacks
sendmx-host.com,Israel_Based_BEC_Attacks
sentfrom-my-iphone.com,Israel_Based_BEC_Attacks
serveroutlook.com,Israel_Based_BEC_Attacks
sfp-mx.services,Israel_Based_BEC_Attacks
smmtp3.com,Israel_Based_BEC_Attacks
smpt-secure.net,Israel_Based_BEC_Attacks
smrtapp1.com,Israel_Based_BEC_Attacks
smrtph.com,Israel_Based_BEC_Attacks
smtp-mobile02.com,Israel_Based_BEC_Attacks
smtp-phone.com,Israel_Based_BEC_Attacks
smtp-secure1.com,Israel_Based_BEC_Attacks
smtp00.com,Israel_Based_BEC_Attacks
smtp0039.com,Israel_Based_BEC_Attacks
smtp007.com,Israel_Based_BEC_Attacks
smtp0253.com,Israel_Based_BEC_Attacks
smtp0751.com,Israel_Based_BEC_Attacks
smtp1223.com,Israel_Based_BEC_Attacks
smtp129.com,Israel_Based_BEC_Attacks
smtp203.com,Israel_Based_BEC_Attacks
smtp220.online,Israel_Based_BEC_Attacks
smtp2652.com,Israel_Based_BEC_Attacks
smtp267.com,Israel_Based_BEC_Attacks
smtp281.com,Israel_Based_BEC_Attacks
smtp291.com,Israel_Based_BEC_Attacks
smtp292.com,Israel_Based_BEC_Attacks
smtp3229.com,Israel_Based_BEC_Attacks
smtp3306.com,Israel_Based_BEC_Attacks
smtp34521.com,Israel_Based_BEC_Attacks
smtp3482.com,Israel_Based_BEC_Attacks
smtp3904.com,Israel_Based_BEC_Attacks
smtp394.com,Israel_Based_BEC_Attacks
smtp399.com,Israel_Based_BEC_Attacks
smtp433.com,Israel_Based_BEC_Attacks
smtp483.com,Israel_Based_BEC_Attacks
smtp4908.com,Israel_Based_BEC_Attacks
smtp555.com,Israel_Based_BEC_Attacks
smtp777.com,Israel_Based_BEC_Attacks
smtp88.com,Israel_Based_BEC_Attacks
smtp982.com,Israel_Based_BEC_Attacks
smtpf.com,Israel_Based_BEC_Attacks
smtpmobile01.com,Israel_Based_BEC_Attacks
smtpp8.com,Israel_Based_BEC_Attacks
smtpp88.com,Israel_Based_BEC_Attacks
ssl-mail.com,Israel_Based_BEC_Attacks
ssl-mailphone.com,Israel_Based_BEC_Attacks
ssl-mobilesend.com,Israel_Based_BEC_Attacks
ssl-phonesend.com,Israel_Based_BEC_Attacks
ssl-smtp.net,Israel_Based_BEC_Attacks
ssl-smtp1.com,Israel_Based_BEC_Attacks
sslmail55.com,Israel_Based_BEC_Attacks
transfercell.tech,Israel_Based_BEC_Attacks
verified-market-authority.com,Israel_Based_BEC_Attacks
via-phone.com,Israel_Based_BEC_Attacks
via-smartphone.com,Israel_Based_BEC_Attacks
stayersa.art,IcedID
simipimi.com,IcedID
kicknocisd.com,IcedID
iconnectgs.com,IcedID
guaracheza.pics,IcedID
curabiebarristie.com,IcedID
belliecow.wiki,IcedID
aicsoftware.com,IcedID
ekoia.io,Russia-Ukraine
frge.io,Russia-Ukraine
royal2xthig3ou5hd7zsliqagy6yygk2cdelaxtni2fyad6dpmpxedid.onion,RoyalRansomware
paloaltokey.store,RoyalRansomware
palaltocloud.online,RoyalRansomware
palalto.live,RoyalRansomware
kasperslkyupdate.com,RoyalRansomware
cloudmane.online,RoyalRansomware
altocdn.online,RoyalRansomware
DOJUSTIT.MOOO.COM,MOVEit
port3000newspm.duckdns.org,MEME4CHAN
hiperfdhaus.com,MOVEit
jirostrogud.com,MOVEit
qweastradoc.com,MOVEit
JUSTICEUA.ORG,CadetBlizzard
ESSADONIO.COM,FIN11
api-cdn.net,Sardonic
git-api.com,Sardonic
api-cdnw5.net,Sardonic
104-168-237-21.sslip.io,Sardonic
everything-everywhere.at.ply.gg,Russia-Ukraine
ckav.ru,Lokibot
vertebromed.md,Lokibot
finformservice.com,CVE-2023-36884
altimata.org,CVE-2023-36884
penofach.com,CVE-2023-36884
bentaxworld.com,CVE-2023-36884
wexonlake.com,CVE-2023-36884
ukrainianworldcongress.info,CVE-2023-36884
bankslip.info,OriginBotnet
softwarez.online,OriginBotnet
nitrosoftwares.shop,OriginBotnet
gaismustudija.lv,Turla
bronerg.tk,Turla
duke6.tk,Turla
pierreagencement.fr,Turla
mail.kzp.bg,Turla
hcdh-tunisie.org,Turla
mail.lebsack.de,Turla
mtsoft.hol.es,Turla
wekanda.tk,Turla
branter.tk,Turla
bombheros.com,Turla
crusider.tk,Turla
mail.arlingtonhousing.us,Turla
sansaispa.com,Turla
gallen.fi,Turla
mail.lechateaudelatour.fr,Turla
simplifiedhomesales.com,Turla
octoberoctopus.co.za,Turla
balletmaniacs.com,Turla
manager.surro.am,Turla
berlinguas.com,Turla
sanitar.ml,Turla
lakihelppi.com,Turla
mail.aet.in.ua,Turla
rainbow-industrie.com,DBatLoader
binccoco.com,DBatLoader
aconaus.org,DBatLoader
monarkpapes.com,DBatLoader
donelpacino.ddns.net,DBatLoader
nightmare4666.ddns.net,DBatLoader
zysnuy.com,DBatLoader
twyfordtille.com,DBatLoader
remcos1.ydns.eu,DBatLoader
greatzillart.ydns.eu,DBatLoader
playdoapp.online,DBatLoader
oldironmetalworksllc.com,DBatLoader
mattewigs.com,DBatLoader
dunia138.info,DBatLoader
transportlogistcs.com,DBatLoader
rva.info,DBatLoader
totomata.com,DBatLoader
janus.news,DBatLoader
bvgroupcos.com,DBatLoader
transportlogistcs.com,DBatLoader
purelyunorthodox.com,DBatLoader
660danm.top,DBatLoader
mytraderstore.com,DBatLoader
undoables.com,DBatLoader
azurefd-paitohk.xyz,DBatLoader
altralogos.com,DBatLoader
sinpercar.com,DBatLoader
4sync.com,HijackLoader
admin.zscalertbeta.net,HijackLoader
geupdate-service.bond,HijackLoader
roatancruiseship.com,IcedID
opuscards.ca,IcedID
naughtycharlotte.com,IcedID
modalefastnow.com,IcedID
liguys.com,IcedID
karo.ca,IcedID
jonanna.com,IcedID
jerryposter.com,IcedID
gilaniultrasound.com,IcedID
gestionhqse.com,IcedID
ekaraj.ir,IcedID
cornerbakeryrestaurant.net,IcedID
compacta.com,IcedID
brandworks.com.au,IcedID
xyoptotway.work.gd,Xworm
topics-junior.at.ply.gg,Xworm
single-boulevard.at.ply.gg,Xworm
septiembre2022.duckdns.org,Xworm
miles-c.at.ply.gg,Xworm
eu-central-7075.packetriot.net,Xworm
blackid-48194.portmap.host,Xworm
androidmedallo.duckdns.org,Xworm
4mekey.myftp.biz,Xworm
fee-harmful.gl.at.ply.gg,Xworm
switcodes.com,Google_searches
karelisweb.com,Google_searches
jquerywins.com,Google_searches
mojenyc.com,Google_searches
notepadxtreme.com,Google_searches
mybigeye.icu,Google_searches
brockerby.xyz,Lumma
castomdroms.xyz,Lumma
cs6.csserv.ru,Lumma
follovertv.fun,Lumma
gstatic-node.io,Lumma
gstatic-service.io,Lumma
oneinformationcrypto.com,Lumma
scandimyth.xyz,Lumma
seobrokerstv.fun,Lumma
sisadmin-my.xyz,Lumma
stateinfospace.com,Lumma
static.247.173.76.144.clients.your-serve.de,Lumma
stoptme.xyz,Lumma
titanaquaplus.xyz,Lumma
static.121.155.161.5.clients.your-server.de,Lumma
evetesttech.net,Lumma
astrolco.fun,Lumma
coldwinded.fun,Lumma
18866-32530.bacloud.info,Lumma
static.179.248.90.157.clients.your-server.de,Lumma
lumma.site,Lumma
lumma.online,Lumma
astrolco.fun,Lumma
dedoxtrone.fun,Lumma
doggyguffy.fun,Lumma
fartyfun.fun,Lumma
fireworld.fun,Lumma
funnycox.fun,Lumma
markuschop.fun,Lumma
shoppervik.fun,Lumma
treepledeeple.fun,Lumma
Farformator.fun,Lumma
liveswords.xyz,Lumma