ip,threat_name
52.8.203.224,noberus
103.3.162.86,noberus
100.43.220.234,noberus
96.80.68.193,noberus
188.152.254.170,noberus
208.81.37.50,noberus
70.62.153.174,noberus
2.230.110.137,noberus
90.63.245.175,noberus
212.103.208.182,noberus
50.255.126.65,noberus
78.134.89.167,noberus
81.4.177.118,noberus
24.199.247.222,noberus
37.99.163.162,noberus
37.71.147.186,noberus
105.159.248.137,noberus
80.155.38.210,noberus
217.57.80.18,noberus
151.0.169.250,noberus
212.202.147.10,noberus
212.234.179.113,noberus
185.82.169.99,noberus
93.51.177.66,noberus
80.15.113.188,noberus
80.153.75.103,noberus
109.192.30.125,noberus
85.93.88.165,conti
185.141.63.120,conti
82.118.21.1,conti
162.244.80.235,conti
149.56.128.192,emotet
120.50.40.183,emotet
104.223.34.198,deeppanda_log4shell
103.224.80.76,deeppanda_log4shell
134.209.144.87,Russia-Ukraine
168.100.8.42,Russia-Ukraine
139.60.161.74,Russia-Ukraine
139.60.160.8,Russia-Ukraine
139.60.161.24,Russia-Ukraine
139.60.161.32,Russia-Ukraine
139.60.161.57,Russia-Ukraine
139.60.161.60,Russia-Ukraine
139.60.161.89,Russia-Ukraine
84.32.188.29,Russia-Ukraine
139.60.160.17,Russia-Ukraine
139.60.160.51,Russia-Ukraine
139.60.161.163,Russia-Ukraine
139.60.161.209,Russia-Ukraine
139.60.161.216,Russia-Ukraine
139.60.161.225,Russia-Ukraine
139.60.161.226,Russia-Ukraine
139.60.161.45,Russia-Ukraine
139.60.161.62,Russia-Ukraine
139.60.161.75,Russia-Ukraine
139.60.161.85,Russia-Ukraine
139.60.161.99,Russia-Ukraine
1.234.21.73,emotet_april
101.50.0.91,emotet_april
103.132.242.26,emotet_april
103.43.46.182,emotet_april
103.70.28.102,emotet_april
110.232.117.186,emotet_april
119.193.124.41,emotet_april
129.232.188.93,emotet_april
138.197.147.101,emotet_april
138.201.142.73,emotet_april
146.59.226.45,emotet_april
151.106.112.196,emotet_april
153.126.146.25,emotet_april
158.69.222.101,emotet_april
159.65.88.10,emotet_april
160.16.142.56,emotet_april
164.68.99.3,emotet_april
167.172.253.162,emotet_april
176.31.73.90,emotet_april
183.111.227.137,emotet_april
185.4.135.165,emotet_april
185.8.212.130,emotet_april
188.44.20.25,emotet_april
189.126.111.200,emotet_april
196.218.30.83,emotet_april
201.94.166.162,emotet_april
209.126.98.206,emotet_april
212.237.17.99,emotet_april
212.24.98.99,emotet_april
216.158.226.206,emotet_april
45.118.115.99,emotet_april
45.176.232.124,emotet_april
45.235.8.30,emotet_april
46.55.222.11,emotet_april
51.91.76.89,emotet_april
72.15.201.15,emotet_april
79.137.35.198,emotet_april
82.165.152.127,emotet_april
91.207.28.33,emotet_april
86.105.227.115,mustang_panda
103.75.190.50,mustang_panda
101.36.125.203,mustang_panda
103.15.28.145,mustang_panda
103.200.97.150,mustang_panda
107.178.71.211,mustang_panda
155.94.200.206,mustang_panda
155.94.200.209,mustang_panda
202.58.105.38,mustang_panda
95.217.1.81,mustang_panda
103.107.104.19,mustang_panda
103.15.28.208,mustang_panda
103.159.132.70,mustang_panda
103.85.24.158,mustang_panda
103.91.64.134,mustang_panda
107.167.64.4,mustang_panda
110.42.64.64,mustang_panda
123.51.185.75,mustang_panda
155.94.200.211,mustang_panda
155.94.200.212,mustang_panda
176.118.167.36,mustang_panda
185.239.226.17,mustang_panda
45.154.14.235,mustang_panda
45.248.87.162,mustang_panda
45.43.50.197,mustang_panda
46.8.198.134,mustang_panda
61.38.252.166,mustang_panda
92.118.188.78,mustang_panda
138.68.42.130,quantum_locker
157.245.142.66,quantum_locker
188.166.154.118,quantum_locker
141.98.215.99,follina
107.173.143.111,trellix_RAT
185.62.56.129,Bumblebee
103.208.86.124,Monster_Libra
174.139.150.128,Monster_Libra
212.114.52.91,Monster_Libra
46.21.153.211,Monster_Libra
64.227.108.27,Monster_Libra
45.8.146.139,Monster_Libra
84.32.188.164,Monster_Libra
1.161.71.109,Qbot
100.1.108.246,Qbot
101.50.103.193,Qbot
102.182.232.3,Qbot
103.107.113.120,Qbot
103.139.243.207,Qbot
103.246.242.202,Qbot
103.87.95.133,Qbot
103.88.226.30,Qbot
105.226.83.196,Qbot
108.60.213.141,Qbot
109.12.111.14,Qbot
109.228.220.196,Qbot
113.11.89.165,Qbot
117.248.109.38,Qbot
120.150.218.241,Qbot
120.61.2.95,Qbot
121.74.167.191,Qbot
125.168.47.127,Qbot
138.204.24.70,Qbot
140.82.49.12,Qbot
140.82.63.183,Qbot
143.0.34.185,Qbot
144.202.2.175,Qbot
144.202.3.39,Qbot
148.64.96.100,Qbot
149.28.238.199,Qbot
172.114.160.81,Qbot
172.115.177.204,Qbot
173.174.216.62,Qbot
173.21.10.71,Qbot
174.69.215.101,Qbot
175.145.235.37,Qbot
176.205.119.81,Qbot
176.67.56.94,Qbot
176.88.238.122,Qbot
179.158.105.44,Qbot
180.129.102.214,Qbot
180.183.128.80,Qbot
181.118.183.98,Qbot
181.208.248.227,Qbot
181.62.0.59,Qbot
182.191.92.203,Qbot
182.253.189.74,Qbot
185.69.144.209,Qbot
186.105.121.166,Qbot
187.102.135.142,Qbot
187.207.48.194,Qbot
187.250.114.15,Qbot
187.251.132.144,Qbot
190.252.242.69,Qbot
190.73.3.148,Qbot
191.17.223.93,Qbot
191.34.199.129,Qbot
191.99.191.28,Qbot
196.233.79.3,Qbot
197.167.62.14,Qbot
197.205.127.234,Qbot
197.89.108.252,Qbot
2.50.137.197,Qbot
201.145.189.252,Qbot
201.211.64.196,Qbot
202.134.152.2,Qbot
203.122.46.130,Qbot
208.107.221.224,Qbot
209.197.176.40,Qbot
217.128.122.65,Qbot
217.164.210.192,Qbot
217.165.147.83,Qbot
24.178.196.158,Qbot
24.43.99.75,Qbot
31.35.28.29,Qbot
31.48.166.122,Qbot
32.221.224.140,Qbot
37.186.54.254,Qbot
37.34.253.233,Qbot
38.70.253.226,Qbot
39.41.158.185,Qbot
39.44.144.159,Qbot
39.52.75.201,Qbot
39.57.76.82,Qbot
40.134.246.185,Qbot
41.228.22.180,Qbot
41.230.62.211,Qbot
41.38.167.179,Qbot
41.84.237.10,Qbot
42.235.146.7,Qbot
45.241.232.25,Qbot
45.46.53.140,Qbot
45.63.1.12,Qbot
45.76.167.26,Qbot
45.9.20.200,Qbot
46.107.48.202,Qbot
47.156.191.217,Qbot
47.180.172.159,Qbot
47.23.89.62,Qbot
5.32.41.45,Qbot
5.95.58.211,Qbot
66.98.42.102,Qbot
67.209.195.198,Qbot
68.204.7.158,Qbot
70.46.220.114,Qbot
70.51.138.126,Qbot
71.13.93.154,Qbot
71.74.12.34,Qbot
72.12.115.90,Qbot
72.252.201.34,Qbot
72.76.94.99,Qbot
73.151.236.31,Qbot
73.67.152.98,Qbot
74.15.2.252,Qbot
75.113.214.234,Qbot
75.99.168.194,Qbot
76.169.147.192,Qbot
76.25.142.196,Qbot
76.69.155.202,Qbot
76.70.9.169,Qbot
78.87.206.213,Qbot
80.11.74.81,Qbot
81.215.196.174,Qbot
82.152.39.39,Qbot
83.110.75.97,Qbot
84.241.8.23,Qbot
85.246.82.244,Qbot
86.97.11.43,Qbot
86.98.208.214,Qbot
86.98.33.141,Qbot
88.228.250.126,Qbot
89.211.181.64,Qbot
90.120.65.153,Qbot
91.177.173.10,Qbot
92.132.172.197,Qbot
93.48.80.198,Qbot
94.36.195.250,Qbot
94.59.138.62,Qbot
96.21.251.127,Qbot
96.29.208.97,Qbot
96.37.113.36,Qbot
103.175.16.117,Bumblebee
154.56.0.221,Bumblebee
45.153.243.142,Bumblebee
64.44.101.250,Bumblebee
23.81.143.21,REvil_Ransomware
5.101.0.202,REvil_Ransomware
37.1.203.158,REvil_Ransomware
37.1.204.143,REvil_Ransomware
5.45.87.6,REvil_Ransomware
93.190.142.7,REvil_Ransomware
102.129.224.148,REvil_Ransomware
104.168.201.219,Bumblebee
142.11.234.230,Bumblebee
145.239.30.26,Bumblebee
145.239.135.155,Bumblebee
145.239.28.110,Bumblebee
146.19.173.202,Bumblebee
146.70.125.122,Bumblebee
152.89.247.79,Bumblebee
185.17.40.189,Bumblebee
185.62.58.175,Bumblebee
205.185.122.143,Bumblebee
205.185.123.137,Bumblebee
209.141.46.50,Bumblebee
209.141.58.141,Bumblebee
51.210.158.156,Bumblebee
51.68.144.94,Bumblebee
51.68.145.54,Bumblebee
51.68.146.186,Bumblebee
51.68.147.233,Bumblebee
51.75.62.99,Bumblebee
51.83.250.240,Bumblebee
51.83.251.245,Bumblebee
51.83.253.131,Bumblebee
51.83.253.244,Bumblebee
54.37.130.166,Bumblebee
54.37.131.14,Bumblebee
54.38.136.111,Bumblebee
54.38.136.187,Bumblebee
54.38.138.94,Bumblebee
54.38.139.20,Bumblebee
179.43.117.122,emotet_november
163.172.108.69,emotet_november
88.212.202.52,emotet_november
11.23.33.44,emotet_november
149.255.58.47,emotet_november
185.182.57.100,emotet_november
185.176.40.57,emotet_november
217.64.195.223,emotet_november
103.45.229.10,emotet_november
203.204.237.108,emotet_november
207.180.213.165,emotet_november
81.68.152.197,emotet_november
185.98.131.156,emotet_november
185.176.43.106,emotet_november
50.116.62.25,emotet_november
185.148.169.10,emotet_november
149.56.131.28,emotet_november
82.98.180.154,emotet_november
103.41.204.169,emotet_november
182.162.143.56,emotet_november
91.187.140.35,emotet_november
45.153.243.93,Bumblebee
213.232.235.199,Bumblebee
159.89.202.34,emotet_november
82.223.21.224,emotet_november
187.63.160.88,emotet_november
197.242.150.244,emotet_november
119.59.103.152,emotet_november
173.255.211.88,emotet_november
206.189.28.199,emotet_november
45.63.99.23,emotet_november
115.68.227.76,emotet_november
163.44.196.120,emotet_november
159.65.140.115,emotet_november
169.57.156.166,emotet_november
139.59.56.73,emotet_november
202.129.205.3,emotet_november
103.43.75.120,emotet_november
186.194.240.217,emotet_november
173.212.193.249,emotet_november
139.59.126.41,emotet_november
107.170.39.149,emotet_november
103.75.201.2,emotet_november
209.97.163.214,emotet_november
101.50.0.91,emotet_november
147.139.166.154,emotet_november
153.92.5.27,emotet_november
167.172.199.165,emotet_november
95.217.221.146,emotet_november
164.90.222.65,emotet_november
213.239.212.5,emotet_november
172.104.251.154,emotet_november
5.135.159.50,emotet_november
104.168.155.143,emotet_november
1.234.2.232,emotet_november
187.0.1.74,Qbot
1.156.220.169,Qbot
156.216.39.119,Qbot
58.186.75.42,Qbot
1.156.197.160,Qbot
187.1.1.190,Qbot
186.18.210.16,Qbot
1.181.56.171,Qbot
90.165.109.4,Qbot
187.0.1.186,Qbot
87.57.13.215,Qbot
187.0.1.207,Qbot
227.26.3.227,Qbot
98.207.190.55,Qbot
187.0.1.197,Qbot
188.49.56.189,Qbot
102.156.160.115,Qbot
187.0.1.24,Qbot
70.51.139.148,Qbot
187.0.1.109,Qbot
14.164.18.210,Qbot
187.0.1.97,Qbot
205.161.22.189,Qbot
187.0.1.151,Qbot
196.217.63.248,Qbot
187.0.1.160,Qbot
66.37.239.222,Qbot
24.207.97.40,Qbot
187.0.1.59,Qbot
68.62.199.70,Qbot
45.230.169.132,Qbot
1.175.205.2,Qbot
187.1.1.58,Qbot
144.202.15.58,Qbot
1.156.216.39,Qbot
187.1.1.112,Qbot
206.1.251.127,Qbot
187.0.1.167,Qbot
190.207.196.66,Qbot
187.0.1.41,Qbot
102.156.43.188,Qbot
187.0.1.93,Qbot
156.220.245.93,Qbot
187.1.1.1880,Qbot
189.148.124.243,Qbot
24.69.87.61,Qbot
187.0.1.78,Qbot
85.241.180.94,Qbot
45.35.97.45,Qbot
187.0.1.27,Qbot
41.250.136.196,Qbot
187.0.1.72,Qbot
92.185.204.18,Qbot
75.166.39.70,Qbot
174.0.224.214,Qbot
1.70.60.142,Qbot
74.33.84.227,Qbot
187.1.1.45,Qbot
1.50.68.204,Qbot
193.3.19.137,Qbot
1.41.44.11,Qbot
73.165.119.20,Qbot
58.247.115.126,Qbot
1.84.35.26,Qbot
216.82.134.218,Qbot
1.181.164.194,Qbot
187.1.1.74,Qbot
71.199.168.185,Qbot
1.94.49.5,Qbot
187.0.1.108,Qbot
186.73.140.43,Qbot
1.97.119.214,Qbot
187.1.1.50,Qbot
201.245.250.192,Qbot
187.0.1.62,Qbot
174.4.112.228,Qbot
109.154.46.73,Qbot
156.220.4.75,Qbot
178.197.228.37,Qbot
187.0.1.51,Qbot
138.207.238.47,Qbot
23.233.254.195,Qbot
181.118.183.103,Qbot
92.239.81.124,Qbot
86.129.13.178,Qbot
89.216.114.179,Qbot
41.44.11.227,Qbot
66.180.227.170,Qbot
46.229.194.17,Qbot
190.74.248.136,Qbot
88.122.208.197,Qbot
78.161.38.242,Qbot
89.115.196.99,Qbot
175.205.2.54,Qbot
213.194.234.75,Qbot
105.154.112.77,Qbot
94.60.141.48,Qbot
109.159.119.162,Qbot
197.1.252.96,Qbot
64.207.237.118,Qbot
45.49.137.80,Qbot
74.92.243.113,Qbot
76.68.34.167,Qbot
27.33.237.105,Qbot
201.192.179.221,Qbot
154.247.15.173,Qbot
149.126.159.224,Qbot
109.151.171.116,Qbot
83.11.89.137,Qbot
91.138.17.202,Qbot
82.141.152.214,Qbot
62.31.130.138,Qbot
190.199.109.80,Qbot
212.251.122.147,Qbot
75.156.125.215,Qbot
157.231.42.190,Qbot
172.249.99.143,Qbot
187.199.171.252,Qbot
58.162.223.233,Qbot
62.36.24.8,Qbot
81.159.35.141,Qbot
87.223.89.23,Qbot
75.99.125.238,Qbot
197.204.182.47,Qbot
36.152.128.2,Qbot
65.20.175.208,Qbot
178.192.56.13,Qbot
92.90.101.167,Qbot
110.23.76.9,Qbot
50.37.149.215,Qbot
200.233.108.153,Qbot
86.185.119.90,Qbot
182.66.197.35,Qbot
61.69.138.109,Qbot
216.151.191.218,Qbot
94.49.5.116,Qbot
27.110.134.202,Qbot
172.219.147.156,Qbot
70.181.149.227,Qbot
92.239.222.177,Qbot
87.99.116.47,Qbot
24.4.239.157,Qbot
66.168.180.66,Qbot
84.209.52.11,Qbot
68.146.18.15,Qbot
173.32.181.236,Qbot
142.115.159.36,Qbot
181.56.171.3,Qbot
151.30.53.233,Qbot
50.86.217.209,Qbot
75.141.227.169,Qbot
64.123.103.123,Qbot
190.207.121.156,Qbot
187.143.114.3,Qbot
217.39.57.121,Qbot
87.218.114.203,Qbot
45.235.8.30,emotet_november
164.68.99.3,emotet_november
188.44.20.25,emotet_november
149.28.143.92,emotet_november
183.111.227.137,emotet_november
129.232.188.93,emotet_november
110.232.117.186,emotet_november
94.237.28.110,Netwire_RAT
194.5.98.48,Netwire_RAT
185.183.98.166,Netwire_RAT
185.222.57.164,Netwire_RAT
194.5.98.188,Netwire_RAT
171.22.30.21,Netwire_RAT
185.140.53.252,Netwire_RAT
194.147.140.4,Netwire_RAT
87.66.106.20,Netwire_RAT
71.81.62.106,Netwire_RAT
31.41.244.150,Netwire_RAT
154.118.25.216,Netwire_RAT
79.134.225.28,Netwire_RAT
104.168.148.85,Netwire_RAT
185.140.53.61,Netwire_RAT
79.134.225.10,Netwire_RAT
185.140.53.183,Netwire_RAT
184.75.221.171,Netwire_RAT
45.137.22.101,Netwire_RAT
213.152.161.133,Netwire_RAT
185.29.9.11,Netwire_RAT
109.107.191.169,Redline_stealer
103.159.224.46,emotet_november
128.199.225.17,emotet_november
131.100.24.231,emotet_november
139.59.60.88,emotet_november
144.217.88.125,emotet_november
165.22.211.113,emotet_november
165.227.166.238,emotet_november
178.128.82.218,emotet_november
213.32.75.32,emotet_november
37.187.115.122,emotet_november
45.226.53.34,emotet_november
45.55.134.126,emotet_november
51.210.176.76,emotet_november
51.254.140.238,emotet_november
54.37.70.105,emotet_november
82.223.82.69,emotet_november
91.207.181.106,emotet_november
92.114.18.20,emotet_november
94.23.45.86,emotet_november
68.47.128.161,Qbot
156.217.219.147,Qbot
174.101.111.4,Qbot
82.127.174.33,Qbot
24.28.121.122,Qbot
80.13.179.151,Qbot
170.253.25.35,Qbot
67.10.175.47,Qbot
105.103.27.80,Qbot
105.184.161.242,Qbot
100.16.107.117,Qbot
2.84.98.228,Qbot
193.92.233.183,Qbot
102.157.73.215,Qbot
82.31.37.241,Qbot
81.129.134.53,Qbot
87.223.80.45,Qbot
46.177.99.230,Qbot
180.151.104.143,Qbot
24.49.232.96,Qbot
82.41.186.124,Qbot
213.91.235.146,Qbot
99.229.146.120,Qbot
24.116.45.121,Qbot
41.96.224.19,Qbot
86.133.237.3,Qbot
85.59.61.52,Qbot
98.30.233.14,Qbot
90.221.5.105,Qbot
79.37.204.67,Qbot
76.127.192.23,Qbot
77.126.81.208,Qbot
186.64.67.39,Qbot
70.50.3.214,Qbot
92.106.70.62,Qbot
170.249.59.153,Qbot
76.9.168.249,Qbot
92.109.39.207,Qbot
190.78.64.132,Qbot
131.106.168.223,Qbot
2.88.219.187,Qbot
79.92.15.6,Qbot
73.88.173.113,Qbot
94.70.37.145,Qbot
70.121.198.103,Qbot
174.115.87.57,Qbot
82.154.201.177,Qbot
41.109.78.231,Qbot
209.171.163.72,Qbot
72.82.136.90,Qbot
200.93.14.206,Qbot
87.243.146.59,Qbot
86.171.75.63,Qbot
152.170.17.136,Qbot
92.27.86.48,Qbot
91.254.215.167,Qbot
73.22.121.210,Qbot
87.202.101.164,Qbot
186.28.85.119,Qbot
193.251.52.34,Qbot
98.211.64.94,Qbot
70.51.153.72,Qbot
88.152.182.39,Qbot
75.191.246.70,Qbot
90.162.45.154,Qbot
45.62.78.1,Qbot
197.148.17.17,Qbot
90.4.98.190,Qbot
86.217.250.15,Qbot
86.195.32.149,Qbot
197.26.174.95,Qbot
142.119.40.220,Qbot
188.92.64.68,Qbot
109.145.27.139,Qbot
47.6.225.229,Qbot
82.34.170.37,Qbot
80.103.77.44,Qbot
177.205.92.100,Qbot
71.67.96.151,Qbot
89.152.120.181,Qbot
77.129.205.124,Qbot
85.74.158.150,Qbot
80.121.8.212,Qbot
93.164.248.234,Qbot
91.180.68.95,Qbot
190.75.110.239,Qbot
105.105.232.103,Qbot
72.88.245.71,Qbot
61.92.123.169,Qbot
197.14.218.253,Qbot
47.16.73.77,Qbot
187.199.224.16,Qbot
181.118.183.116,Qbot
80.189.213.49,Qbot
82.121.73.56,Qbot
99.253.103.210,Qbot
65.190.156.10,Qbot
86.165.15.180,Qbot
83.7.53.150,Qbot
62.35.67.88,Qbot
174.45.15.123,Qbot
86.176.144.225,Qbot
177.46.111.176,Qbot
121.122.99.151,Qbot
71.183.236.133,Qbot
92.149.205.238,Qbot
83.110.223.247,Qbot
183.87.31.34,Qbot
103.141.50.117,Qbot
86.130.9.167,Qbot
86.99.15.243,Qbot
184.176.154.83,Qbot
71.247.10.63,Qbot
89.129.109.27,Qbot
105.111.45.51,Qbot
73.155.10.79,Qbot
2.14.241.33,Qbot
64.121.161.102,Qbot
41.35.196.18,Qbot
24.64.114.59,Qbot
117.186.222.30,Qbot
45.248.169.101,Qbot
12.172.173.82,Qbot
190.100.149.122,Qbot
41.62.227.225,Qbot
188.24.223.55,Qbot
69.119.123.159,Qbot
47.176.30.75,Qbot
102.157.69.217,Qbot
186.52.227.51,Qbot
174.60.47.98,Qbot
186.88.53.160,Qbot
84.143.91.238,Qbot
47.185.141.97,Qbot
188.54.79.88,Qbot
87.220.205.14,Qbot
92.137.74.174,Qbot
41.97.183.39,Qbot
86.180.222.237,Qbot
76.184.95.190,Qbot
180.156.240.239,Qbot
50.90.249.161,Qbot
70.115.104.126,Qbot
99.238.106.45,Qbot
72.140.137.221,Qbot
85.139.176.42,Qbot
109.152.70.207,Qbot
2.8.39.175,Qbot
81.250.33.243,Qbot
136.35.241.159,Qbot
184.20.10.236,Qbot
102.156.113.77,Qbot
82.121.237.106,Qbot
217.128.91.196,Qbot
98.187.21.2,Qbot
2.83.62.105,Qbot
41.228.223.122,Qbot
82.36.36.76,Qbot
154.247.94.160,Qbot
86.175.128.143,Qbot
81.156.198.115,Qbot
103.55.67.180,Qbot
83.79.150.24,Qbot
102.158.230.141,Qbot
41.99.177.175,Qbot
47.229.96.60,Qbot
186.188.2.193,Qbot
174.112.25.29,Qbot
116.74.163.221,Qbot
23.240.47.58,Qbot
184.155.91.69,Qbot
64.228.191.212,Qbot
98.147.155.235,Qbot
78.92.133.215,Qbot
221.161.103.6,Qbot
73.161.176.218,Qbot
93.156.103.241,Qbot
188.4.142.139,Qbot
63.248.148.87,Qbot
102.159.188.241,Qbot
75.158.15.211,Qbot
31.167.227.31,Qbot
75.161.233.194,Qbot
185.135.120.81,Qbot
87.223.84.190,Qbot
178.153.195.40,Qbot
75.99.125.235,Qbot
109.177.245.176,Qbot
72.200.109.104,Qbot
82.11.242.219,Qbot
124.122.55.68,Qbot
85.231.105.49,Qbot
176.133.4.230,Qbot
156.217.158.177,Qbot
102.159.83.36,Qbot
121.122.99.223,Qbot
216.196.245.102,Qbot
83.92.85.93,Qbot
108.162.6.34,Qbot
188.54.99.243,Qbot
93.24.192.142,Qbot
75.84.234.68,Qbot
76.100.159.250,Qbot
46.246.245.152,Qbot
197.2.209.208,Qbot
77.86.98.236,Qbot
81.198.136.151,Qbot
181.164.194.228,Qbot
193.154.207.221,Qbot
213.191.164.70,Qbot
197.92.135.188,Qbot
92.98.72.220,Qbot
2.50.47.109,Qbot
106.212.18.255,Qbot
108.44.207.232,Qbot
130.43.99.103,Qbot
71.46.234.171,Qbot
166.62.145.54,Qbot
139.60.160.18,emotet_november
139.60.161.167,emotet_november
212.73.150.62,emotet_november
89.38.225.151,Earth_Preta
103.15.29.179,Earth_Preta
202.53.148.24,Earth_Preta
103.15.28.208,Earth_Preta
202.58.105.38,Earth_Preta
98.142.251.29,Earth_Preta
202.53.148.26,Earth_Preta
192.236.193.150,Lunamoth
186.64.67.9,Qbot
109.150.179.158,Qbot
41.44.19.36,Qbot
78.17.157.5,Qbot
27.99.45.237,Qbot
103.144.201.62,Qbot
190.134.138.61,Qbot
70.120.228.205,Qbot
31.167.254.199,Qbot
91.254.230.18,Qbot
38.166.242.12,Qbot
193.154.202.210,Qbot
2.83.12.243,Qbot
85.152.152.46,Qbot
188.48.123.229,Qbot
201.210.107.223,Qbot
84.215.202.22,Qbot
72.68.175.55,Qbot
86.190.16.164,Qbot
136.244.25.165,Qbot
65.30.139.145,Qbot
84.35.26.14,Qbot
102.46.139.82,Qbot
149.126.159.106,Qbot
81.131.210.167,Qbot
139.216.164.122,Qbot
24.206.27.39,Qbot
85.245.221.87,Qbot
190.206.70.80,Qbot
87.221.197.110,Qbot
83.7.54.186,Qbot
87.223.91.46,Qbot
78.100.230.10,Qbot
75.115.14.189,Qbot
86.96.75.237,Qbot
105.103.56.28,Qbot
198.2.51.242,Qbot
2.14.82.210,Qbot
90.116.219.167,Qbot
173.239.94.212,Qbot
91.169.12.198,Qbot
74.66.134.24,Qbot
66.191.69.18,Qbot
182.75.189.42,Qbot
78.69.251.252,Qbot
98.145.23.67,Qbot
103.71.21.107,Qbot
197.94.219.133,Qbot
91.68.227.219,Qbot
86.176.83.127,Qbot
41.98.21.114,Qbot
92.154.17.149,Qbot
151.65.67.211,Qbot
76.11.14.249,Qbot
70.66.199.12,Qbot
183.82.100.110,Qbot
83.114.60.6,Qbot
92.189.214.236,Qbot
190.18.236.175,Qbot
72.53.103.56,Qbot
91.165.188.74,Qbot
156.220.229.249,Qbot
181.118.183.44,Qbot
76.80.180.154,Qbot
81.248.77.37,Qbot
90.66.229.185,Qbot
86.130.9.250,Qbot
172.117.139.142,Qbot
75.143.236.149,Qbot
81.229.117.95,Qbot
81.111.108.123,Qbot
50.68.204.71,Qbot
139.5.239.14,Qbot
37.56.111.49,Qbot
46.10.198.106,Qbot
85.61.165.153,Qbot
90.104.22.28,Qbot
88.126.94.4,Qbot
90.89.95.158,Qbot
83.213.201.104,Qbot
73.223.248.31,Qbot
47.41.154.250,Qbot
2.99.47.198,Qbot
190.199.169.127,Qbot
184.68.116.146,Qbot
150.107.231.59,Qbot
98.178.242.28,Qbot
213.67.255.57,Qbot
174.104.184.149,Qbot
108.6.249.139,Qbot
37.14.229.220,Qbot
199.83.165.233,Qbot
86.169.19.140,Qbot
76.20.42.45,Qbot
70.55.120.16,Qbot
69.133.162.35,Qbot
176.177.136.35,Qbot
92.207.132.174,Qbot
174.77.209.5,Qbot
142.161.27.232,Qbot
86.159.48.25,Qbot
100.6.8.7,Qbot
184.153.132.82,Qbot
27.109.19.90,Qbot
94.105.123.53,Qbot
181.164.194.223,Qbot
86.225.214.138,Qbot
78.213.14.206,Qbot
176.142.207.63,Qbot
73.36.196.11,Qbot
197.26.142.159,Qbot
176.151.15.101,Qbot
87.65.160.87,Qbot
92.24.200.226,Qbot
162.248.14.107,Qbot
84.113.121.103,Qbot
137.186.193.226,Qbot
92.8.190.211,Qbot
201.208.139.250,Qbot
75.98.154.19,Qbot
24.142.218.202,Qbot
70.77.116.233,Qbot
24.228.132.224,Qbot
92.145.203.167,Qbot
176.223.165.196,Janicab
87.120.254.100,Janicab
87.120.37.68,Janicab
49.175.72.56,Qbot
64.237.214.193,Qbot
79.77.142.22,Qbot
173.18.126.3,Qbot
23.242.141.218,Qbot
121.121.100.148,Qbot
172.90.139.138,Qbot
172.248.42.122,Qbot
94.63.65.146,Qbot
75.99.125.236,Qbot
49.245.119.12,Qbot
24.71.120.191,Qbot
109.11.175.42,Qbot
216.82.134.133,Qbot
73.29.92.128,Qbot
73.230.28.7,Qbot
70.64.77.115,Qbot
86.99.14.46,Qbot
123.3.240.16,Qbot
174.58.146.57,Qbot
74.83.128.70,Qbot
79.13.202.140,Qbot
78.247.21.20,Qbot
188.48.116.37,Qbot
71.31.101.183,Qbot
60.234.194.12,Qbot
72.80.7.6,Qbot
80.0.74.165,Qbot
116.74.163.218,Qbot
86.98.23.199,Qbot
47.34.30.133,Qbot
47.203.227.114,Qbot
178.152.126.55,Qbot
188.176.170.61,Qbot
190.29.228.61,Qbot
136.232.184.134,Qbot
181.118.183.50,Qbot
124.122.55.7,Qbot
87.220.68.51,Qbot
80.44.148.126,Qbot
61.69.198.59,Qbot
190.24.45.24,Qbot
94.71.209.47,Qbot
82.9.210.36,Qbot
78.101.91.215,Qbot
47.149.137.40,Qbot
45.152.16.14,Qbot
109.220.196.24,Qbot
86.176.144.240,Qbot
171.97.42.82,Qbot
74.33.196.114,Qbot
86.160.253.56,Qbot
181.4.227.82,Qbot
91.231.172.236,Qbot
197.0.243.240,Qbot
144.64.226.144,Qbot
93.156.97.50,Qbot
71.112.212.166,Qbot
90.4.190.217,Qbot
90.27.44.76,Qbot
176.79.48.60,Qbot
2.14.96.234,Qbot
75.99.125.234,Qbot
83.7.52.202,Qbot
90.206.194.248,Qbot
31.53.29.141,Qbot
90.48.151.17,Qbot
178.153.5.54,Qbot
46.162.109.183,Qbot
64.237.240.3,Qbot
99.229.164.42,Qbot
109.219.126.249,Qbot
175.139.130.191,Qbot
91.96.249.3,Qbot
128.127.21.57,Qbot
87.220.205.65,Qbot
87.223.95.66,Qbot
86.183.251.169,Qbot
82.6.99.234,Qbot
174.112.22.106,Qbot
187.199.184.14,Qbot
37.15.128.31,Qbot
90.79.129.166,Qbot
93.147.134.85,Qbot
202.187.239.67,Qbot
67.235.138.14,Qbot
147.148.234.231,Qbot
60.254.51.168,Qbot
176.44.121.220,Qbot
103.42.86.42,Qbot
103.141.50.151,Qbot
217.128.200.114,Qbot
90.119.197.132,Qbot
103.212.19.254,Qbot
116.74.163.30,Qbot
83.110.95.209,Qbot
78.100.238.92,Qbot
86.99.15.254,Qbot
92.186.69.229,Qbot
84.108.173.79,Qbot
86.196.35.232,Qbot
186.64.67.55,Qbot
90.78.138.217,Qbot
76.170.252.153,Qbot
86.176.246.195,Qbot
50.67.17.92,Qbot
217.43.16.149,Qbot
208.180.17.32,Qbot
206.166.209.170,Qbot
70.51.136.204,Qbot
67.253.226.137,Qbot
201.137.206.40,Qbot
31.48.67.240,Qbot
173.178.151.233,Qbot
216.36.153.248,Qbot
24.69.84.237,Qbot
76.68.151.148,Qbot
89.203.252.238,Qbot
96.255.66.51,Qbot
95.23.15.84,Qbot
67.61.71.201,Qbot
51.211.219.211,Qbot
91.254.132.23,Qbot
142.118.49.193,Qbot
65.95.85.172,Qbot
69.159.156.133,Qbot
92.8.187.85,Qbot
149.74.159.67,Qbot
92.154.45.81,Qbot
190.249.241.149,Qbot
78.18.42.55,Qbot
38.166.221.92,Qbot
86.139.213.115,Qbot
201.210.114.115,Qbot
87.252.106.197,Qbot
109.50.131.204,Qbot
93.147.235.8,Qbot
181.118.206.65,Qbot
152.171.41.171,Qbot
103.195.16.175,Qbot
2.82.10.152,Qbot
41.228.201.138,Qbot
31.53.29.201,Qbot
77.124.17.122,Qbot
125.20.112.94,Qbot
86.222.191.162,Qbot
201.244.108.183,Qbot
59.28.84.65,Qbot
116.74.163.27,Qbot
202.142.98.62,Qbot
27.0.48.233,Qbot
87.223.84.92,Qbot
124.171.159.71,Qbot
86.98.223.237,Qbot
151.65.216.129,Qbot
175.139.207.179,Qbot
41.237.141.34,Qbot
86.195.14.72,Qbot
176.44.58.217,Qbot
116.74.162.173,Qbot
89.79.229.50,Qbot
197.0.175.244,Qbot
83.248.199.56,Qbot
190.78.77.15,Qbot
178.142.126.181,Qbot
27.0.62.241,Qbot
188.52.183.146,Qbot
114.79.144.210,Qbot
183.87.163.165,Qbot
190.199.157.49,Qbot
222.35.203.59,Qbot
84.219.213.130,Qbot
41.227.93.13,Qbot
2.14.140.222,Qbot
185.13.180.250,Qbot
178.153.3.212,Qbot
46.24.136.17,Qbot
173.76.49.61,Qbot
51.199.123.42,Qbot
70.51.134.110,Qbot
193.154.124.4,Qbot
27.0.48.205,Qbot
31.120.202.209,Qbot
216.160.116.140,Qbot
156.217.79.168,Qbot
190.35.44.194,Qbot
130.43.25.249,Qbot
70.95.236.129,Qbot
85.72.107.2,Qbot
186.64.67.12,Qbot
41.228.225.131,Qbot
86.134.75.5,Qbot
201.210.79.16,Qbot
86.160.217.36,Qbot
73.174.23.116,Qbot
121.121.100.88,Qbot
85.85.34.201,Qbot
87.221.196.217,Qbot
213.31.90.183,Qbot
93.156.96.104,Qbot
188.48.85.14,Qbot
103.252.7.228,Qbot
117.193.3.78,Qbot
178.142.122.128,Qbot
109.159.119.203,Qbot
202.28.34.99,emotet
80.211.107.116,emotet
175.126.176.79,emotet
218.38.121.17,emotet
139.196.72.155,emotet
103.71.99.57,emotet
87.106.97.83,emotet
178.62.112.199,emotet
64.227.55.231,emotet
46.101.98.60,emotet
54.37.228.122,emotet
128.199.217.206,emotet
190.145.8.4,emotet
209.239.112.82,emotet
85.214.67.203,emotet
198.199.70.22,emotet
128.199.242.164,emotet  
178.238.225.252,emotet
103.85.95.4,emotet 
103.126.216.86,emotet
104.244.79.94,emotet
36.67.23.59,emotet
37.44.244.177,emotet
160.16.143.191,emotet
85.25.120.45,emotet 
103.56.149.105,emotet
210.57.209.142,emotet
195.77.239.39,emotet
62.171.178.147,emotet
118.98.72.86,emotet
103.224.241.74,emotet
185.148.169.10,emotet 
103.41.204.169,emotet
186.250.48.5,emotet
165.22.254.236,emotet
93.104.209.107,emotet  
139.59.80.108,emotet 
196.44.98.190,emotet
114.79.130.68,emotet
115.178.55.22,emotet
103.254.12.236,emotet
172.105.115.71,emotet
174.138.33.49,emotet
51.75.33.122,emotet
83.229.80.93,emotet
78.47.204.80,emotet
188.165.79.151,emotet
202.134.4.210,emotet
82.98.180.154,emotet
185.4.135.165,emotet
159.89.202.34,emotet
82.223.21.224,emotet
187.63.160.88,emotet
188.44.20.25,emotet
91.187.140.35,emotet
110.232.117.186,emotet 
197.242.150.244,emotet
119.59.103.152,emotet
182.162.143.56,emotet
72.15.201.15,emotet
173.255.211.88,emotet
206.189.28.199,emotet
94.23.45.86,emotet
45.63.99.23,emotet
153.126.146.25,emotet
45.118.115.99,emotet
115.68.227.76,emotet
163.44.196.120,emotet
159.65.140.115,emotet
169.57.156.166,emotet
139.59.56.73,emotet
183.111.227.137,emotet
202.129.205.3,emotet
103.43.75.120,emotet
45.176.232.124,emotet
186.194.240.217,emotet
173.212.193.249,emotet
139.59.126.41,emotet
149.56.131.28,emotet
159.65.88.10,emotet
201.94.166.162,emotet
107.170.39.149,emotet
103.75.201.2,emotet
103.132.242.26,emotet
209.97.163.214,emotet
129.232.188.93,emotet
79.137.35.198,emotet
101.50.0.91,emotet
147.139.166.154,emotet
160.16.142.56,emotet
153.92.5.27,emotet
167.172.199.165,emotet
95.217.221.146,emotet
167.172.253.162,emotet
164.90.222.65,emotet
172.105.226.75,emotet
164.68.99.3,emotet
213.239.212.5,emotet
91.207.28.33,emotet
45.235.8.30,emotet
172.104.251.154,emotet
5.135.159.50,emotet
212.24.98.99,emotet
104.168.155.143,emotet
1.234.2.232,emotet
169.60.181.70,emotet
149.28.143.92,emotet
51.161.73.194,emotet
185.184.25.78,emotet
191.252.103.16,emotet
207.148.81.119,emotet
37.59.209.141,emotet
59.148.253.194,emotet
159.69.237.188,emotet
195.154.146.35,emotet
203.153.216.46,emotet
104.131.62.48,emotet
173.203.78.138,emotet
217.182.143.207,emotet
54.38.242.185,emotet
116.124.128.206,emotet
54.37.106.167,emotet
198.199.98.78,emotet
190.90.233.66,emotet
185.148.168.15,emotet
185.148.168.220,emotet
142.4.219.173,emotet
168.197.250.14,emotet
128.199.192.135,emotet
78.46.73.125,emotet
66.42.57.149,emotet
194.9.172.107,emotet
112.141.184.246,Qbot
116.74.163.152,Qbot
154.247.95.119,Qbot
83.11.84.105,Qbot
83.114.60.171,Qbot
2.57.122.82,NoName057
109.107.181.130,NoName057
2.57.122.243,NoName057
31.13.195.87,NoName057
77.91.122.69,NoName057
65.108.54.250,Redline_stealer
91.107.159.152,Redline_stealer
193.56.146.167,Redline_stealer
45.15.156.210,Aurora
87.10.205.117,Qbot
82.15.58.109,Qbot
87.56.238.53,Qbot
103.42.86.246,Qbot
121.121.100.207,Qbot
156.217.247.173,Qbot
92.8.190.175,Qbot
69.159.158.183,Qbot
206.188.201.143,Qbot
130.43.172.217,Qbot
98.175.176.254,Qbot
200.109.207.186,Qbot
107.146.12.26,Qbot
181.118.183.2,Qbot
197.204.184.160,Qbot
5.163.163.51,Qbot
102.156.154.112,Qbot
87.223.87.126,Qbot
87.221.197.113,Qbot
84.108.200.161,Qbot
161.142.104.187,Qbot
47.21.51.138,Qbot
175.139.129.94,Qbot
116.75.63.184,Qbot
78.193.176.97,Qbot
82.121.195.187,Qbot
88.169.33.180,Qbot
85.7.61.22,Qbot
86.130.9.182,Qbot
86.96.72.139,Qbot
24.9.220.167,Qbot
91.231.173.199,Qbot
102.156.174.28,Qbot
176.202.38.188,Qbot
31.53.29.161,Qbot
119.82.122.226,Qbot
151.65.168.222,Qbot
2.98.146.106,Qbot
47.61.70.188,Qbot
86.194.156.14,Qbot
171.97.42.67,Qbot
165.231.142.36,Lockbit
185.86.76.30,Lockbit
139.60.160.200,Lockbit
93.190.139.223,Lockbit
45.227.255.190,Lockbit
193.162.143.218,Lockbit
168.100.11.72,Lockbit
93.190.143.101,Lockbit
88.80.147.102,Lockbit
193.38.235.234,Lockbit
174.138.62.35,Lockbit
185.215.113.39,Lockbit
185.182.193.120,Lockbit
185.81.68.180,Lockbit
194.26.29.13,Lockbit
95.94.41.77,Qbot
91.82.5.101,Qbot
50.60.157.175,Qbot
190.199.188.186,Qbot
105.186.138.165,Qbot
86.151.21.134,Qbot
116.72.250.18,Qbot
93.156.100.20,Qbot
86.207.227.152,Qbot
143.159.167.231,Qbot
92.136.182.108,Qbot
76.93.147.187,Qbot
103.144.201.53,Qbot
102.158.37.226,Qbot
113.188.252.28,Qbot
109.159.119.95,Qbot
86.196.12.21,Qbot
47.196.203.73,Qbot
68.150.18.161,Qbot
93.238.63.3,Qbot
114.143.176.234,Qbot
108.2.111.66,Qbot
102.158.206.194,Qbot
50.68.186.195,Qbot
79.9.64.37,Qbot
24.64.112.40,Qbot
81.151.102.224,Qbot
86.250.12.217,Qbot
156.217.208.137,Qbot
90.23.19.86,Qbot
66.131.25.6,Qbot
91.170.115.68,Qbot
92.11.194.53,Qbot
190.191.35.122,Qbot
104.35.24.154,Qbot
217.165.186.116,Qbot
86.130.9.197,Qbot
86.98.16.24,Qbot
45.50.233.214,Qbot
74.93.148.97,Qbot
202.186.177.88,Qbot
14.202.223.107,Qbot
105.184.159.223,Qbot
116.86.252.13,Qbot
180.158.187.35,Qbot
82.127.204.82,Qbot
71.52.53.166,Qbot
116.75.63.125,Qbot
41.99.114.10,Qbot
64.237.207.9,Qbot
76.64.202.88,Qbot
105.99.105.0,Qbot
69.242.31.249,Qbot
88.126.112.14,Qbot
87.149.176.97,Qbot
109.149.147.177,Qbot
45.72.110.133,Qbot
2.14.144.105,Qbot
89.32.158.118,Qbot
103.231.216.238,Qbot
182.180.105.242,Qbot
92.177.204.2,Qbot
24.239.69.244,Qbot
197.204.241.104,Qbot
70.160.80.210,Qbot
103.42.86.238,Qbot
193.154.200.140,Qbot
200.84.210.63,Qbot
72.203.216.98,Qbot
103.123.221.16,Qbot
92.8.191.120,Qbot
114.79.180.14,Qbot
100.10.72.114,Qbot
116.75.63.203,Qbot
70.27.104.2,Qbot
47.149.95.10,Qbot
209.142.97.83,Qbot
14.184.97.194,Qbot
220.245.150.33,Qbot
2.82.8.80,Qbot
193.154.201.125,Qbot
201.211.197.241,Qbot
105.184.103.182,Qbot
93.190.140.122,Qbot
86.236.114.212,Qbot
86.208.35.220,Qbot
93.24.192.142:20
86.172.79.135,Qbot
5.109.75.32,Qbot
188.49.124.57,Qbot
197.0.104.172,Qbot
90.92.177.180,Qbot
86.182.184.130,Qbot
81.155.30.149,Qbot
24.252.133.201,Qbot
184.189.41.80,Qbot
81.157.227.223,Qbot
50.20.171.2,Qbot
80.121.52.105,Qbot
68.169.182.54,Qbot
98.163.227.79,Qbot
46.24.103.218,Qbot
88.111.182.118,Qbot
76.27.40.189,Qbot
2.88.198.90,Qbot
83.7.54.170,Qbot
72.188.121.121,Qbot
189.222.55.8,Qbot
86.147.63.40,Qbot
216.228.41.244,Qbot
75.166.241.189,Qbot
72.194.232.94,Qbot
73.161.178.173,Qbot
47.32.78.150,Qbot
24.123.211.131,Qbot
15.181.199.242,Qbot
70.51.132.216,Qbot
142.118.243.5,Qbot
67.70.5.159,Qbot
35.143.97.145,Qbot
95.148.179.253,Qbot
188.116.62.165,Qbot
105.99.109.4,Qbot
70.90.245.157,Qbot
190.28.90.2,Qbot
193.253.100.236,Qbot
24.187.145.201,Qbot
65.92.222.42,Qbot
47.16.76.130,Qbot
94.232.46.221,IcedID
185.143.223.6,IcedID
103.146.23.112,BATLoader
89.117.21.143,AsyncRAT
154.12.234.207,AsyncRAT
195.133.40.128,AsyncRAT
193.233.20.13,Redline_stealer
176.113.115.17,Redline_stealer
"85.208.136.26,Rhadamanthys	"
45.66.151.81,Rhadamanthys
141.98.82.254,Rhadamanthys
198.244.187.248,Lockbit
150.129.218.231,Lockbit
102.157.44.105,RoyalRansomware
105.158.118.241,RoyalRansomware
105.69.155.85,RoyalRansomware
113.169.187.159,RoyalRansomware
134.35.9.209,RoyalRansomware
139.195.43.166,RoyalRansomware
139.60.161.213,RoyalRansomware
148.213.109.165,RoyalRansomware
163.182.177.80,RoyalRansomware
179.43.167.10,RoyalRansomware
181.141.3.126,RoyalRansomware
181.164.194.228,RoyalRansomware
185.7.214.218,RoyalRansomware
186.64.67.6,RoyalRansomware
186.86.212.138,RoyalRansomware
190.193.180.228,RoyalRansomware
193.149.176.157,RoyalRansomware
196.70.77.11,RoyalRansomware
197.158.89.85,RoyalRansomware
197.204.247.7,RoyalRansomware
197.207.181.147,RoyalRansomware
197.207.218.27,RoyalRansomware
197.94.67.207,RoyalRansomware
209.141.36.116,RoyalRansomware
23.111.114.52,RoyalRansomware
41.100.55.97,RoyalRansomware
41.107.77.67,RoyalRansomware
41.109.11.80,RoyalRansomware
41.251.121.35,RoyalRansomware
41.97.65.51,RoyalRansomware
42.189.12.36,RoyalRansomware
5.181.234.58,RoyalRansomware
61.166.221.46,RoyalRansomware
77.73.133.84,RoyalRansomware
81.184.181.215,RoyalRansomware
82.12.196.197,RoyalRansomware
94.232.41.105,RoyalRansomware
98.143.70.147,RoyalRansomware
45.227.251.167,RoyalRansomware
45.8.158.104,RoyalRansomware
193.235.146.104,RoyalRansomware
152.89.247.50,RoyalRansomware
185.143.223.69,RoyalRansomware
47.87.229.39,RoyalRansomware
5.188.86.195,RoyalRansomware
5.44.42.20,RoyalRansomware
68.83.169.91,RoyalRansomware
89.108.65.136,RoyalRansomware
188.114.96.13,Lokibot
45.93.201.114,Rhadamanthys
91.229.23.200,Rhadamanthys
98.142.254.89,OneNote
95.179.215.225,OneNote
91.235.234.97,OneNote
91.234.254.213,OneNote
87.236.146.31,OneNote
87.236.146.155,OneNote
85.239.41.55,OneNote
77.75.230.128,OneNote
5.42.221.117,OneNote
49.50.84.121,OneNote
45.86.231.23,OneNote
45.77.63.210,OneNote
45.155.37.170,OneNote
216.146.25.57,OneNote
216.120.201.100,OneNote
185.231.204.245,OneNote
185.104.195.95,OneNote
174.139.150.45,OneNote
154.7.253.191,OneNote
146.59.43.159,OneNote
141.164.35.94,OneNote
103.214.71.45,OneNote
5.42.221.116,OneNote
45.155.37.124,OneNote
139.99.117.17,OneNote
179.43.175.187,OneNote
198.44.140.78,OneNote
162.247.153.39,OneNote
188.227.106.162,RIG_ Exploit_Kit
188.227.106.81,RIG_ Exploit_Kit
188.227.106.83,RIG_ Exploit_Kit
188.227.57.93,RIG_ Exploit_Kit
188.227.58.144,RIG_ Exploit_Kit
188.227.58.152,RIG_ Exploit_Kit
188.227.59.52,RIG_ Exploit_Kit
195.16.88.28,RIG_ Exploit_Kit
45.138.26.51,RIG_ Exploit_Kit
45.138.26.89,RIG_ Exploit_Kit
45.138.26.93,RIG_ Exploit_Kit
45.138.26.94,RIG_ Exploit_Kit
188.225.75.54,RIG_ Exploit_Kit
45.132.226.177,RIG_ Exploit_Kit
15.244.197.9,MyDoom
141.240.203.6,MyDoom
16.115.197.163,MyDoom
67.120.102.206,MyDoom
166.77.123.68,MyDoom
198.89.160.22,MyDoom
15.98.11.12,MyDoom
67.121.94.10,MyDoom
15.24.69.27,MyDoom
129.204.109.121,MyDoom
70.241.87.215,MyDoom
16.80.195.68,MyDoom
15.9.79.129,MyDoom
15.14.59.199,MyDoom
216.114.194.30,MyDoom
15.228.15.126,MyDoom
16.100.121.101,MyDoom
15.63.9.76,MyDoom
65.6.113.38,MyDoom
141.240.211.237,MyDoom
16.83.199.36,MyDoom
66.248.57.65,MyDoom
15.59.127.133,MyDoom
16.150.138.126,MyDoom
141.154.253.115,MyDoom
66.43.244.133,MyDoom
68.158.45.83,MyDoom
152.16.43.135,MyDoom
129.81.101.242,MyDoom
16.102.137.19,MyDoom
16.102.153.27,MyDoom
67.171.253.156,MyDoom
15.75.188.252,MyDoom
216.128.188.41,MyDoom
16.126.107.216,MyDoom
16.125.202.53,MyDoom
162.28.185.188,MyDoom
195.75.252.98,MyDoom
68.223.45.7,MyDoom
24.148.141.102,MyDoom
141.240.190.28,MyDoom
129.243.132.29,MyDoom
148.193.135.228,MyDoom
24.190.210.189,MyDoom
12.166.196.8,MyDoom
15.228.161.161,MyDoom
220.234.104.158,MyDoom
5.75.205.43,Qbot
23.111.114.52,Qbot
78.31.67.7,Qbot
208.187.122.74,Qbot
128.254.207.55,Qbot
102.156.32.143,Qbot
176.97.66.57,Winter_Vivern
179.43.187.175,Winter_Vivern
179.43.187.207,Winter_Vivern
195.54.170.26,Winter_Vivern
80.79.124.135,Winter_Vivern
95.216.102.32,OneNote
162.33.177.195,YoroTrooper
172.105.215.208,YoroTrooper
172.86.75.220,YoroTrooper
192.153.57.67,YoroTrooper
193.149.129.133,YoroTrooper
193.149.176.254,YoroTrooper
206.188.196.86,YoroTrooper
45.227.252.247,YoroTrooper
45.61.136.175,YoroTrooper
45.61.136.64,YoroTrooper
45.61.138.243,YoroTrooper
46.161.40.164,YoroTrooper
46.175.148.147,YoroTrooper
64.190.113.57,YoroTrooper
64.227.24.240,YoroTrooper
89.22.232.145,YoroTrooper
89.22.233.149,YoroTrooper
94.103.86.38,YoroTrooper
94.20.72.7,YoroTrooper
168.100.11.137,YoroTrooper
143.198.80.235,YoroTrooper
178.20.45.52,YoroTrooper
212.24.106.218,YoroTrooper
45.61.137.32,YoroTrooper
66.228.32.31,emotet
91.121.146.47,emotet
110.232.117.186,emotet
91.207.181.106,emotet
103.159.224.46,emotet
128.199.24.148,emotet
165.22.211.113,emotet
165.227.166.238,emotet
167.172.248.70,emotet
178.128.23.9,emotet
178.128.31.80,emotet
178.128.82.218,emotet
190.90.233.69,emotet
213.32.75.32,emotet
96.60.17.30,pandora_ransomware
108.167.180.186,Nobelium
80.78.24.3,IcedID
80.66.88.71,IcedID
5.196.196.252,IcedID
38.180.0.89,IcedID
37.252.6.77,IcedID
216.73.159.80,IcedID
216.73.159.60,IcedID
216.73.159.44,IcedID
216.73.159.134,IcedID
216.73.159.132,IcedID
157.254.195.65,IcedID
216.73.159.29,IcedID
135.148.217.85,IcedID
103.159.132.181,Earth_Preta
103.159.132.91,Earth_Preta
158.255.2.63,Earth_Preta
212.114.52.210,Earth_Preta
23.106.122.81,Earth_Preta
38.54.33.228,Earth_Preta
188.127.237.27,Earth_Preta
103.184.128.180,emotet
103.40.123.34,emotet
103.184.128.244,emotet
103.65.236.53,emotet
177.73.237.55,emotet
194.195.213.62,emotet
211.232.48.65,emotet
221.120.144.101,emotet
23.148.145.237,emotet
69.84.240.57,emotet
85.195.89.91,Kampania_szpiegowska_rosja
91.218.183.90,Kampania_szpiegowska_rosja
51.75.210.218,Kampania_szpiegowska_rosja
162.33.178.40,IcedID
172.86.75.64,IcedID
192.153.57.82,IcedID
193.149.176.100,IcedID
45.61.137.159,IcedID
80.77.23.51,IcedID
109.206.240.67,GuLoader
173.44.141.131,Bumblebee
23.82.140.131,Bumblebee
172.93.193.3,Bumblebee
23.81.246.22,Bumblebee
95.168.191.134,Bumblebee
104.168.175.78,Bumblebee
172.93.193.46,Bumblebee
157.254.194.104,Bumblebee
37.28.157.29,Bumblebee
23.106.124.23,Bumblebee
194.135.33.182,Bumblebee
54.38.139.94,Bumblebee
192.119.65.175,Bumblebee
107.189.8.58,Bumblebee
205.185.114.241,Bumblebee
104.168.171.159,Bumblebee
103.144.139.159,Bumblebee
91.206.178.204,Bumblebee
198.98.58.184,Bumblebee
172.241.27.120,Bumblebee
23.106.223.197,Bumblebee
23.108.57.83,Bumblebee
54.37.131.232,Bumblebee
23.82.128.11,Bumblebee
160.20.147.91,Bumblebee
103.175.16.10,Bumblebee
45.61.187.225,Bumblebee
91.206.178.68,Bumblebee
193.109.120.252,Bumblebee
45.87.81.184,EvilExtractor
193.42.33.232,EvilExtractor
95.179.201.171,More_eggs
95.179.180.224,More_eggs
172.86.75.75,More_eggs
95.179.186.167,More_eggs
95.179.170.76,More_eggs
193.149.187.170,More_eggs
193.149.185.229,More_eggs
135.181.87.234,Vidar
78.47.226.24,Vidar
116.202.183.154,Vidar
212.87.204.83,Xworm
5.8.18.242,IcedID
45.66.248.119,IcedID
45.61.139.126,IcedID
23.29.115.152,IcedID
198.244.180.66,IcedID
159.65.169.200,IcedID
137.74.104.108,IcedID
50.3.132.232,IcedID
68.76.150.97,Russia-Ukraine
174.53.242.108,Russia-Ukraine
24.11.70.85,Russia-Ukraine
202.175.177.238,Russia-Ukraine
85.240.182.23,Russia-Ukraine
69.28.64.137,Russia-Ukraine
23.30.22.225,Qbot
23.30.173.133,Qbot
43.243.215.206,Qbot
43.243.215.210,Qbot
59.153.96.4,Qbot
64.237.212.162,Qbot
64.237.221.254,Qbot
64.237.245.195,Qbot
64.237.251.199,Qbot
67.187.130.101,Qbot
73.60.227.230,Qbot
73.78.215.104,Qbot
73.215.22.78,Qbot
73.228.158.175,Qbot
74.92.243.115,Qbot
75.149.21.157,Qbot
76.16.49.134,Qbot
96.87.28.170,Qbot
98.37.25.99,Qbot
98.159.33.25,Qbot
98.222.212.149,Qbot
99.251.67.229,Qbot
99.252.190.205,Qbot
99.254.167.145,Qbot
103.11.80.148,Qbot
103.12.133.134,Qbot
103.42.86.110,Qbot
103.71.20.249,Qbot
103.87.128.228,Qbot
103.111.70.66,Qbot
103.111.70.115,Qbot
103.113.68.33,Qbot
103.123.223.76,Qbot
103.123.223.121,Qbot
103.123.223.130,Qbot
103.123.223.131,Qbot
103.123.223.132,Qbot
103.123.223.141,Qbot
103.123.223.144,Qbot
103.123.223.168,Qbot
103.123.223.171,Qbot
103.252.7.231,Qbot
103.252.7.238,Qbot
109.49.47.10,Qbot
114.143.176.235,Qbot
119.82.120.15,Qbot
119.82.120.175,Qbot
119.82.121.87,Qbot
119.82.121.251,Qbot
119.82.123.160,Qbot
157.119.85.203,Qbot
174.171.10.179,Qbot
174.171.130.96,Qbot
180.151.104.240,Qbot
180.151.108.14,Qbot
183.82.107.190,Qbot
183.82.112.209,Qbot
183.87.192.196,Qbot
189.151.95.176,Qbot
197.92.136.122,Qbot
197.94.78.32,Qbot
197.94.95.20,Qbot
201.130.119.176,Qbot
201.142.195.172,Qbot
201.142.207.183,Qbot
201.142.213.13,Qbot
167.71.229.198,MOVEit
138.197.24.249,MOVEit
139.59.37.187,MOVEit
167.172.89.248,MOVEit
170.64.134.89,MOVEit
51.158.122.21,MOVEit
51.15.218.116,MOVEit
196.112.216.184,MOVEit
67.220.86.236,MOVEit
51.15.199.148,MOVEit
158.247.208.44,MOVEit
50.19.142.233,MOVEit
5.252.191.241,MOVEit
5.252.191.103,MOVEit
5.252.189.210,MOVEit
5.252.189.130,MOVEit
5.252.190.119,MOVEit
5.252.190.100,MOVEit
5.252.190.117,MOVEit
5.252.191.31,MOVEit
5.252.190.244,MOVEit
165.227.147.215,MOVEit
212.87.204.83,MEME4CHAN
104.194.222.107,MOVEit
100.21.161.34,MOVEit
104.200.72.149,MOVEit
146.0.77.141,MOVEit
107.181.161.207,MOVEit
146.0.77.155,MOVEit
141.101.68.154,MOVEit
146.0.77.183,MOVEit
141.101.68.166,MOVEit
142.44.212.178,MOVEit
162.244.34.26,MOVEit
143.31.133.99,MOVEit
162.244.35.6,MOVEit
148.113.159.146,MOVEit
179.60.150.143,MOVEit
148.113.159.213,MOVEit
185.104.194.156,MOVEit
15.235.13.184,MOVEit
185.104.194.24,MOVEit
15.235.83.73,MOVEit
185.104.194.40,MOVEit
162.158.129.79,MOVEit
185.117.88.17,MOVEit
166.70.47.90,MOVEit
185.162.128.75,MOVEit
172.71.134.76,MOVEit
185.174.100.215,MOVEit
173.254.236.131,MOVEit
185.174.100.250,MOVEit
185.104.194.134,MOVEit
185.181.229.240,MOVEit
185.117.88.2,MOVEit
185.181.229.73,MOVEit
185.174.100.17,MOVEit
185.183.32.122,MOVEit
185.33.86.225,MOVEit
185.185.50.172,MOVEit
185.33.87.126,MOVEit
188.241.58.244,MOVEit
185.80.52.230,MOVEit
193.169.245.79,MOVEit
185.81.113.156,MOVEit
194.33.40.103,MOVEit
192.42.116.191,MOVEit
194.33.40.104,MOVEit
195.38.8.241,MOVEit
194.33.40.164,MOVEit
198.137.247.10,MOVEit
198.27.75.110,MOVEit
198.199.74.207,MOVEit
206.221.182.106,MOVEit
198.245.13.4,MOVEit
209.127.116.122,MOVEit
20.47.120.195,MOVEit
209.127.4.22,MOVEit
208.115.199.25,MOVEit
209.222.98.25,MOVEit
213.121.182.84,MOVEit
45.227.253.133,MOVEit
216.144.248.20,MOVEit
45.227.253.147,MOVEit
23.237.114.154,MOVEit
45.227.253.50,MOVEit
23.237.56.234,MOVEit
45.227.253.6,MOVEit
3.101.53.11,MOVEit
45.227.253.82,MOVEit
44.206.3.111,MOVEit
45.56.165.248,MOVEit
45.182.189.200,MOVEit
5.149.248.68,MOVEit
45.182.189.228,MOVEit
5.149.250.74,MOVEit
45.182.189.229,MOVEit
5.149.250.92,MOVEit
5.149.250.90,MOVEit
5.188.86.114,MOVEit
5.149.252.51,MOVEit
5.188.86.250,MOVEit
5.188.206.76,MOVEit
5.188.87.194,MOVEit
5.188.87.226,MOVEit
5.34.178.27,MOVEit
5.188.87.27,MOVEit
5.34.178.28,MOVEit
5.34.178.30,MOVEit
5.34.178.31,MOVEit
5.34.180.205,MOVEit
5.34.180.48,MOVEit
62.112.11.57,MOVEit
50.7.118.90,MOVEit
62.182.82.19,MOVEit
54.184.187.134,MOVEit
62.182.85.234,MOVEit
54.39.133.41,MOVEit
66.85.26.215,MOVEit
63.143.42.242,MOVEit
66.85.26.234,MOVEit
68.156.159.10,MOVEit
66.85.26.248,MOVEit
74.218.67.242,MOVEit
76.117.196.3,MOVEit
79.141.160.83,MOVEit
79.141.160.78,MOVEit
79.141.161.82,MOVEit
84.234.96.31,MOVEit
79.141.173.94,MOVEit
89.39.104.118,MOVEit
81.56.49.148,MOVEit
82.117.252.141,MOVEit
91.202.4.76,MOVEit
82.117.252.142,MOVEit
91.222.174.95,MOVEit
82.117.252.97,MOVEit
91.229.76.187,MOVEit
88.214.27.100,MOVEit
93.190.142.131,MOVEit
88.214.27.101,MOVEit
91.222.174.68,MOVEit
91.223.227.140,MOVEit
92.118.36.210,MOVEit
92.118.36.213,MOVEit
92.118.36.249,MOVEit
96.10.22.178,MOVEit
96.44.181.131,MOVEit
5.252.23.116,MOVEit
5.252.25.88,MOVEit
84.234.96.104,MOVEit
89.39.105.108,MOVEit
138.197.152.201,MOVEit
148.113.152.144,MOVEit
198.12.76.214,MOVEit
209.97.137.33,MOVEit
209.222.103.170,MOVEit
179.43.187.33,CadetBlizzard
5.39.222.150,Asylum_Ambuscade
5.44.42.27,Asylum_Ambuscade
5.230.68.137,Asylum_Ambuscade
5.230.71.166,Asylum_Ambuscade
5.230.72.38,Asylum_Ambuscade
5.230.72.148,Asylum_Ambuscade
5.230.73.57,Asylum_Ambuscade
5.230.73.63,Asylum_Ambuscade
5.230.73.241,Asylum_Ambuscade
5.230.73.247,Asylum_Ambuscade
5.230.73.248,Asylum_Ambuscade
5.230.73.250,Asylum_Ambuscade
5.252.118.132,Asylum_Ambuscade
5.252.118.204,Asylum_Ambuscade
5.255.88.222,Asylum_Ambuscade
23.106.123.119,Asylum_Ambuscade
31.192.105.28,Asylum_Ambuscade
45.76.211.131,Asylum_Ambuscade
45.77.185.151,Asylum_Ambuscade
45.132.1.238,Asylum_Ambuscade
45.147.229.20,Asylum_Ambuscade
46.17.98.190,Asylum_Ambuscade
46.151.24.197,Asylum_Ambuscade
46.151.24.226,Asylum_Ambuscade
46.151.25.15,Asylum_Ambuscade
46.151.25.49,Asylum_Ambuscade
46.151.28.18,Asylum_Ambuscade
51.83.182.153,Asylum_Ambuscade
51.83.189.185,Asylum_Ambuscade
62.84.99.195,Asylum_Ambuscade
62.204.41.171,Asylum_Ambuscade
77.83.197.138,Asylum_Ambuscade
79.137.196.121,Asylum_Ambuscade
79.137.197.187,Asylum_Ambuscade
80.66.88.155,Asylum_Ambuscade
84.32.188.29,Asylum_Ambuscade
84.32.188.96,Asylum_Ambuscade
85.192.49.106,Asylum_Ambuscade
85.192.63.13,Asylum_Ambuscade
85.192.63.126,Asylum_Ambuscade
85.239.60.40,Asylum_Ambuscade
88.210.10.62,Asylum_Ambuscade
89.41.182.94,Asylum_Ambuscade
89.107.10.7,Asylum_Ambuscade
89.208.105.255,Asylum_Ambuscade
91.245.253.112,Asylum_Ambuscade
94.103.83.46,Asylum_Ambuscade
94.140.114.133,Asylum_Ambuscade
94.140.114.230,Asylum_Ambuscade
94.140.115.44,Asylum_Ambuscade
94.232.41.96,Asylum_Ambuscade
94.232.41.108,Asylum_Ambuscade
94.232.43.214,Asylum_Ambuscade
98.142.251.26,Asylum_Ambuscade
98.142.251.226,Asylum_Ambuscade
104.234.118.163,Asylum_Ambuscade
104.248.149.122,Asylum_Ambuscade
109.107.173.72,Asylum_Ambuscade
116.203.252.67,Asylum_Ambuscade
128.199.82.141,Asylum_Ambuscade
139.162.116.148,Asylum_Ambuscade
141.105.64.121,Asylum_Ambuscade
146.0.77.15,Asylum_Ambuscade
146.70.79.117,Asylum_Ambuscade
157.254.194.225,Asylum_Ambuscade
157.254.194.238,Asylum_Ambuscade
172.64.80.1,Asylum_Ambuscade
172.86.75.49,Asylum_Ambuscade
172.104.94.104,Asylum_Ambuscade
172.105.235.94,Asylum_Ambuscade
172.105.253.139,Asylum_Ambuscade
176.124.214.229,Asylum_Ambuscade
176.124.217.20,Asylum_Ambuscade
185.70.184.44,Asylum_Ambuscade
185.82.126.133,Asylum_Ambuscade
185.123.53.49,Asylum_Ambuscade
185.150.117.122,Asylum_Ambuscade
185.163.45.221,Asylum_Ambuscade
193.109.69.52,Asylum_Ambuscade
193.142.59.152,Asylum_Ambuscade
193.142.59.169,Asylum_Ambuscade
194.180.174.51,Asylum_Ambuscade
195.2.81.70,Asylum_Ambuscade
195.133.196.230,Asylum_Ambuscade
212.113.106.27,Asylum_Ambuscade
212.113.116.147,Asylum_Ambuscade
212.118.43.231,Asylum_Ambuscade
213.109.192.230,Asylum_Ambuscade
45.182.189.71,FIN11
5.188.206.78,FIN11
5.188.86.18,FIN11
81.19.135.30,FIN11
92.118.36.199,FIN11
139.60.160.166,FIN11
37.10.71.215,Sardonic
94.131.108.109,Russia-Ukraine
95.164.23.2,Lokibot
74.50.94.156,CVE-2023-36884
94.232.40.34,CVE-2023-36884
66.23.226.102,CVE-2023-36884
104.234.239.26,CVE-2023-36884
65.21.27.250,CVE-2023-36884
185.225.69.226,MigdeDropper
194.67.209.186,Turla
197.168.0.247,Turla
210.48.231.182,Turla
20.231.24.237,DBatLoader
40.74.95.186,DBatLoader
185.202.0.111,3AM
212.18.104.6,3AM
85.159.229.62,3AM
5.188.87.58,DarkGate_Loader
191.101.130.18,Xworm
171.22.30.13,Xworm
152.228.179.67,Xworm
141.94.61.23,Xworm
109.105.198.114,Lumma
144.76.173.247,Lumma
168.119.4.83,Lumma
170.130.55.129,Lumma
185.99.132.51,Lumma
185.99.133.246,Lumma
192.236.233.253,Lumma
195.123.227.138,Lumma
209.141.42.26,Lumma
212.113.116.46,Lumma
217.12.206.197,Lumma
217.25.91.15,Lumma
23.254.225.133,Lumma
5.161.155.121,Lumma
45.15.25.190,Lumma
45.8.146.130,Lumma
45.8.146.213,Lumma
45.8.146.227,Lumma
45.9.74.78,Lumma
77.73.134.51,Lumma
77.73.134.68,Lumma
78.46.190.160,Lumma
82.117.255.127,Lumma
82.117.255.128,Lumma
82.117.255.80,Lumma
82.118.23.50,Lumma
85.239.62.218,Lumma
94.142.138.26,Lumma
94.158.244.69,Lumma
213.252.244.62,Lumma
188.114.97.3,Lumma
157.90.248.179,Lumma
95.163.238.17,Lumma
216.66.35.145,Russia-Ukraine
193.201.9.224,Citrix_Bleed
62.233.50.25,Citrix_Bleed
51.91.79.17,Citrix_Bleed
70.37.82.20,Citrix_Bleed
185.17.40.178,Citrix_Bleed
185.229.191.41,Citrix_Bleed
81.19.135.219,Citrix_Bleed
45.129.137.233,Citrix_Bleed
172.67.129.176,Citrix_Bleed
104.21.1.180,Citrix_Bleed
81.19.135.220,Citrix_Bleed
81.19.135.226,Citrix_Bleed
101.97.36.61,Citrix_Bleed
168.100.9.137,Citrix_Bleed
185.20.209.127,Citrix_Bleed
185.230.212.83,Citrix_Bleed
206.188.197.22,Citrix_Bleed
54.84.248.205,Citrix_Bleed
141.98.9.137,Citrix_Bleed
103.76.128.34,APT29
65.20.97.203,APT29
65.21.51.58,APT29
104.194.130.185,UAC-006
128.140.123.187,UAC-006
213.227.154.170,UAC-006
217.12.206.218,UAC-006
45.129.14.157,UAC-006
78.24.222.162,UAC-006
77.91.100.237,Bandook
45.67.34.219,Bandook
172.232.186.251,PikaBot
57.128.83.129,PikaBot
57.128.164.11,PikaBot
57.128.108.132,PikaBot
139.99.222.29,PikaBot
172.232.164.77,PikaBot
54.37.79.82,PikaBot
172.232.162.198,PikaBot
57.128.109.221,PikaBot
15.235.202.109,PikaBot
15.235.44.231,PikaBot
15.235.45.155,PikaBot
15.235.47.206,PikaBot
15.235.47.80,PikaBot
188.26.127.4,PikaBot
210.243.8.247,PikaBot
51.195.232.97,PikaBot
51.68.147.114,PikaBot
51.79.143.215,PikaBot
64.176.5.228,PikaBot
154.221.30.136,PikaBot
65.20.78.68,PikaBot
64.176.67.194,PikaBot
158.247.253.155,PikaBot
139.180.216.25,PikaBot
70.34.209.101,PikaBot
172.233.156.100,PikaBot
154.92.19.139,PikaBot
154.61.75.156,PikaBot
137.220.55.190,PikaBot
45.148.121.87,RE#TURGENCE
88.214.26.3,RE#TURGENCE
185.245.184.146,Russia-Ukraine
195.133.88.136,Russia-Ukraine
81.19.140.172,Russia-Ukraine
85.159.228.101,Russia-Ukraine
89.185.84.203,Russia-Ukraine
92.118.112.195,Russia-Ukraine
194.87.31.181,Russia-Ukraine
194.87.31.229,Russia-Ukraine
45.120.177.220,Russia-Ukraine
46.249.49.148,Russia-Ukraine
46.249.58.40,Russia-Ukraine
91.193.18.120,TinyTurla-NG
45.91.82.127,Bifrost
171.22.30.147,TicTacToe
64.227.48.212,TicTacToe
38.180.2.23,TAG-70
38.180.3.57,TAG-70
38.180.76.31,TAG-70
86.105.18.113,TAG-70
176.97.66.57,TAG-70
176.97.76.118,TAG-70
176.97.76.129,TAG-70
198.50.170.72,TAG-70
103.124.105.147,PikaBot
178.18.246.136,PikaBot
204.44.125.68,PikaBot
57.128.165.176,PikaBot
85.195.115.20,PikaBot
86.38.225.106,PikaBot
185.23.108.220,CoralRaider
213.248.43.58,Redline_stealer
23.95.209.148,FROZEN#SHADOW
23.159.160.88,FROZEN#SHADOW
45.95.11.134,FROZEN#SHADOW
85.239.54.190,FROZEN#SHADOW
74.119.193.200,Latrodectus
77.91.73.187,Latrodectus
172.233.228.93,MidnightEclipse
66.235.168.222,MidnightEclipse
144.172.79.92,MidnightEclipse
185.215.113.66,Lockbit
78.135.73.152,SolarMarker
185.236.203.159,SolarMarker
193.29.104.25,SolarMarker
146.0.79.21,SolarMarker
146.70.101.83,SolarMarker
146.70.104.176,SolarMarker
146.70.106.174,SolarMarker
146.70.121.88,SolarMarker
146.70.125.119,SolarMarker
146.70.125.68,SolarMarker
146.70.145.242,SolarMarker
146.70.160.62,SolarMarker
146.70.161.15,SolarMarker
146.70.40.228,SolarMarker
146.70.71.135,SolarMarker
146.70.80.66,SolarMarker
146.70.80.79,SolarMarker
146.70.80.83,SolarMarker
146.70.92.187,SolarMarker
185.243.113.47,SolarMarker
185.243.115.88,SolarMarker
194.15.216.237,SolarMarker
2.58.14.183,SolarMarker
2.58.14.246,SolarMarker
2.58.15.214,SolarMarker
2.58.15.58,SolarMarker
212.237.217.133,SolarMarker
212.237.217.136,SolarMarker
212.237.217.156,SolarMarker
217.138.215.105,SolarMarker
217.138.215.79,SolarMarker
217.138.215.85,SolarMarker
23.29.115.186,SolarMarker
37.120.198.226,SolarMarker
45.86.163.163,SolarMarker
84.252.94.184,SolarMarker
91.206.178.133,SolarMarker
91.215.85.142,Mallox
80.66.75.44,Mallox
87.251.75.92,Mallox
80.66.76.251,Mallox
142.202.240.40,AsyncRAT
5.42.65.101,Cerberus
147.45.44.5,Cerberus
195.10.205.74,Cerberus
37.220.87.13,Cerberus
5.42.65.36,Cerberus
