url,threat_name
http://counter.yadro.ru/hit?t44.1,emotet_november
http://cloudxml.com.br:443/,emotet_november
http://167.71.4.0:8080/,emotet_november
http://aprendeconmireia.com:443/,emotet_november
http://cs.com.sg:443/,emotet_november
http://www.careofu.com:443/,emotet_november
http://copunupo.ac.zm:443/,emotet_november
https://www.zachboyle.com/wp-admin/EA470ZrTGNkuA/,emotet_november
http://169.60.181.70:8080/,emotet_november
http://blangkonstudio.com:443/,emotet_november
http://caimari.com:443/,emotet_november
https://www.elaboro.pl/wp-admin/J0hwyIMsk9YFIi/,emotet_november
http://cocostrunket.com/wp-content/GlJk9/,emotet_november
http://cronoatletas.uy/headers/hPoIMx/,emotet_november
https://link2thai.com/Lock/aZNj/,emotet_november
https://www.melisetotoaksesuar.com/catalog/pFyl/,emotet_november
http://brittknight.com/PHP/Aqxf09OugZ/,emotet_november
http://demirelmarka.com/wp-admin/vMmu5VHyAbUgIU/,emotet_november
http://www.chacaltattoo.com.br/css/m51P4/,emotet_november
http://meta4media.com/portfolio2/oYoSTW9fotg/,emotet_november
http://www.tugarden.com/docs/csv_import/rf6bMPAtbBPiDK/,emotet_november
http://218.38.121.17/,emotet_november
http://coadymarine.com/Admin/ekamS7WWDkLwS44q/,emotet_november
http://blacksmithbooks.com/blog/yinA3nT/,emotet_november
http://www.vinyz.com/admin3693/BDFFgAZ6zBRumcUSG/,emotet_november
http://db.rikaz.tech/lCx76IlkrBtEsqNFA7/H9YoD9PuGAHGb3MHZz/,emotet_november
http://isc.net.ua/themes/3rU/,emotet_november
http://bytesendesign.nl/cgi-bin/oJYQiWRZITmFqE1H/,emotet_november
http://luminesthemes.com/clone_controller/bKv5LELdgzGRhtVAiJ/,emotet_november
http://nlasandbox.com/facebookpage/JFqg2Aqkl3UPZi6xGz/,emotet_november
http://cursosinterativos.com.br/semprichickoff2/pEl/,emotet_november
http://178.62.112.199:8080/,emotet_november
http://contactworks.nl/images_old/NuEAhfF0PCFhvv/,emotet_november
http://www.detertecnica.com/var/azLISfW/,emotet_november
https://copunupo.ac.zm/cgi-bin/bNoAgU9/,emotet_november
http://dazzlecollections.co.za/THDXpHbk3YwA/HTolLw1ams3x/,emotet_november
http://172.105.226.75:8080/,emotet_november
http://voinet.ca/cgi-bin/RXDWHpi8dHHZf8/,emotet_november
https://joomlaadvanced.com/marrowx/fbCctJXM0/,emotet_november
http://103.224.241.74:8080/,emotet_november
https://barkstage.es/wp-content/0E7NdYl7TZuHMJq7/,emotet_november
http://demarsoft.com/ALPHAINSTALLS.US/lTsjpA6/,emotet_november
http://laboritm2022.scienceontheweb.net/css/RoMZndfiNHp/,emotet_november
http://greycoconut.com/edm/71qUA/,emotet_november
http://zonainformatica.es/tienda/XCHJmidSYTkE/,emotet_november
http://ftp.pricoat.com.mx/Fichas/3ybJLLXu5zqqn8Sx/,emotet_november
http://196.44.98.190:8080/,emotet_november
http://updailymail.com/cgi-bin/gBYmfqRi2utIS2n/,emotet_november
http://copayucatan.com.mx/wp-includes/BqaJMpC3osZ0LRnKK/,emotet_november
https://188.165.79.151/,emotet_november
http://straightmailconnect.com/cgi-bin/inc/,emotet_november
https://bosny.com/aspnet_client/5VLxhxQCFMinu6/,emotet_november
https://luzytextura.com/marfinance/gdwyLku/,emotet_november
http://xebabanhchohang.vn/wp-content/sux8Bfyu/,emotet_november
http://app.clubdedocentes.com/storage/DCcq9ekgH99sI/,emotet_november
http://swiftwebbox.com/cgi-bin/vNqoMtQilpysJYRwtGu/,emotet_november
http://ruitaiwz.com/wp-admin/sV1NeVxLDiHJ1xm/,emotet_november
http://ftp.agir-santeinternationale.com/doctors/KAacngW97n4ApzVBDdGy/,emotet_november
http://coinkub.com/wp-content/NL7Ddclhm/,emotet_november
https://geringer-muehle.de/wp-admin/G/,emotet_november
http://vourakilina.gr/6vtelq/Xo7C7m/,emotet_november
http://sourcecool.com/throng/iOD/,emotet_november
https://amorecuidados.com.br/wp-admin/t3D/,emotet_november
http://coinkub.com/wp-content/WwrJvjumS/,emotet_november
http://kabaruntukrakyat.com/wp-content/B9oJ0jh/,emotet_november
http://94.23.45.86:4143/,emotet_november
http://aibwireless.com/cgi-bin/zR2mG25Ssk8dH/,emotet_november
https://audioselec.com/about/dDw5ggtyMojggTqhc/,emotet_november
http://182.162.143.56/,emotet_november
http://ly.yjlianyi.top/wp-admin/NRAdJ/,emotet_november
http://www.spinbalence.com/admin3693/Z6WQpmNRNj6041fU2zpt/,emotet_november
http://kabaruntukrakyat.com/wp-content/ES/,emotet_november
https://chobemaster.com/INFECTED/LEdXM4gdwN4mgnlC/,emotet_november
http://cngst.com/data/fXWpDbJ3KwAybE/,emotet_november
http://www.aymanwahdan.at/seite/FAeyew9/,emotet_november
http://cagdassahin.com/wp-content/no72w36Uoo6zzgP8JolL/,emotet_november
http://ftp.annuncivendereairussi.it/oc-admin/7RVaIAsFF/,emotet_november
http://intolove.co.uk/wp-admin/FbGhiWtrEzrQ/,emotet_november
https://blacksebo.de/sharedassets/fA/,emotet_november
https://bikkviz.com/wp-admin/NyT44HkVg/,emotet_november
http://chist.com/dir-/HH/,emotet_november
http://www.thuybaohuy.com/wp-content/EmZJY7/,emotet_november
https://aslum.net/3d/0vzZVHw6At2SYrwiv5/,emotet_november
http://atici.net/old/GdvEdPSuTgnDW1LtTIU/,emotet_november
http://a.angel-tn.idv.tw/web_images/r4psvIE1r6WJT/,emotet_november
http://www.nipunpharmaskill.com/fonts/CgI1tduJfA/,emotet_november
http://45.127.102.193/images/rbwMLaaD9HkvFU4Px/,emotet_november
http://158.199.168.181/i-bmail/ecbxbEwwy/,emotet_november
http://mchat.medianewsonline.com/headers/onE6NirmxFsYoU3FHR/,emotet_november
http://9hym.com/images/SXVIe4tbJw8ZCfa4TEt/,emotet_november
http://alvaovillagecamping.pt/wp-content/Ra9iwOPb6uLf/,emotet_november
http://andrewpharma.com/ost/NjKVUWPAuvq4Sr/,emotet_november
http://anguklaw.com/microsoft-clearscript/oVgMlzJ61/,emotet_november
http://canterapola.es/semihibernation/5H44GMEZ17GrW/,emotet_november
http://cultura.educad.pe/wp-content/A86I7QxwuEZV/,emotet_november
http://helpeve.com/multiwp/cxpkaAkAKPRUs4KL/,emotet_november
http://hsweixintp.com/wp-admin/3c2etiFC2RwmHfTS/,emotet_november
http://navylin.com/bsavxiv/axHQYKl/,emotet_november
https://aberractivity.hu/iqq/Dmtv/,emotet_november
https://akarweb.net/cgi-bin/fWWuTf6mddh6Idq/,emotet_november
https://akuntansi.itny.ac.id/asset/9aVFvYeaSKOhGBSLx/,emotet_november
https://aldina.jp/wp-admin/YvD46yh/,emotet_november
https://anamafegarcia.es/css/HfFXMTXvc40t/,emotet_november
https://andorsat.com/css/5xdvDtgW0H4SrZokxM/,emotet_november
https://aprendeconmireia.com/images/wBu/,emotet_november
http://sat7ate.com/wordpress/ZAf5j4MG8Hwnig/,emotet_november
https://atlantia.sca.org/php_fragments/D8Nwm2F80BL4s/,emotet_november
http://sourceintership.com/vendor/rZnJL9pPUjA9pU/,emotet_november
https://www.alliance-habitat.com/cache/lE8/,emotet_november
http://thuybaohuy.com/wp-content/u3MJwXSP9tmiaTCyZD/,emotet_november
http://times.my/wp-includes/1OgxQPFaUhS/,emotet_november
http://webboxrep.com/cgi-bin/WSc3x09KmXuRK8Bpro/,emotet_november
http://wordpress.xinmoshiwang.com/list/cRIH9Bd/,emotet_november
http://www.3d-stickers.com/Content/Afa1PcRuxh/,emotet_november
http://www.angloextrema.com.br/assets/mQVRrHu7o0eJXxTFu/,emotet_november
http://www.campusconindigital.org/moodle/LumMe/,emotet_november
http://www.mountaineering.org.tw/jp.bad/WWhvAMebz5qT/,emotet_november
http://www.muyehuayi.com/cmp/Vtm2m7z88g/,emotet_november
http://www.spinbalence.com/Adapter/moycMR/,emotet_november
http://www.thebeginningstore.in/0202498070/m2x8inU7TSiuO3px/,emotet_november
http://yesdeko.com/app/yTjFWTnDxio/,emotet_november
http://yuanliao.raluking.com/overemotionality/Vfc9v1ebcmaEguw/,emotet_november
http://www.iam.ch/wp-content/cache/minify/O1OAjWnfen/,emotet_november
http://alagi.ge/application/irnz5Rs8qWvQrf/,emotet_november
http://aquariorecords.com.br/wp-content/A8G3ownNApEj1L4hF/,emotet_november
http://armannahalpersian.ir/3H5qqUOB/,emotet_november
http://www.stickers-et-deco.com/Adapter/lYw/,emotet_november
http://linhkiendoc.com/app/payments/qoy5JqpLqrbsKl/,emotet_november
https://wijsneusmedia.nl/cgi-bin/DvxmZndf0/,emotet_november
http://mulmatdol.com/adm/Fa/,emotet_november
http://www.darularqompatean.com/asq/IcVMFfwR65Yf8fMd5G/,emotet_november
http://kairaliagencies.com/data_winning/AM9gRjhkiEc5m/,emotet_november
http://christplanet.com/wp-admin/maint/mtlsi/WohDqMAVo/,emotet_november
https://caimari.com/wp-includes/xSorfU1K1iw/,emotet_november
http://cybertech.freeoda.com/ct/go6hL733p4vjEnuu/,emotet_november
http://demo.cansunoto.com/lYqTuQ0qe5r2Y/,emotet_november
http://danoblab.com/wordpress_4/Fw/,emotet_november
http://davidwehrle.com/zgRNwNz72uHp56kxL/,emotet_november
http://dahtkahm.com/ZWoU28T4TJH/,emotet_november
https://www.cginforma.com.br/wp-admin/z2qHkUROsrTf/,emotet_november
http://cloudxml.com.br/L45R4qJJFH/ESXAIhm/,emotet_november
http://clockworktradeservices.com/wp-admin/uFRWXkuTnDAbQtIO/,emotet_november
http://clanbaker.org/css/khhl7kT2n69n/,emotet_november
http://royreid.co.uk/wp-content/UIa3o/,emotet_november
http://eznetb.synology.me/@eaDir/7ks2a6g9TV/,emotet_november
http://www.chawkyfrenn.com/icon/BzGzSWFZIZGaTK/,emotet_november
https://www.controlnetworks.com.au/wp-content/nlwkhG9/,emotet_november
http://brianso.com/imagenes/QQs/,emotet_november
http://yesdeko.com/app/Fxxsxdcj25x/,emotet_november
http://mulmatdol.com/adm/QBdMh52eJUVp/,emotet_november
https://cheffsys.com/css/5JqXCHJmidSY/,emotet_november
https://encuadernacionesartis.com/Vk2Z1Na/,emotet_november
http://www.charmingsoftech.com/AMMAN/AAVuCNHo/,emotet_november
http://championsfactorysampaios.com.br/xt5HKu/tDs8WsKOxQFq/,emotet_november
http://central-nutrition.com/wp-content/Nh1L6YR4qlDFWS58cVB/,emotet_november
https://dacsandongthapmuoi.vn/system/cron/HwOtNCFo/,emotet_november
http://bigm.ir/wp-admin/jzIV5U90h9qbK7WK8RTZ/,emotet_november
https://webhoanggia.com/wp-admin/HfvXIwOTCGao9A/,emotet_november
http://cultura.educad.pe/wp-content/j7xDGLEkY/,emotet_november
http://nlasandbox3.com/backup/30GgTbqrmoBcs/,emotet_november
http://sat7ate.com/wordpress/XZOzT/,emotet_november
https://datie-tw.com/img/SvH/,emotet_november
https://caimari.com/wp-includes/E3/,emotet_november
http://borntobefree.org.za/d3hEMgx7B/gKjYZXet98DzbCPzMsQ/,emotet_november
http://www.detertecnica.com/var/yROsVkd/,emotet_november
https://cs.com.sg/Backup/Bk778kXNKMiH5vH/,emotet_november
https://j2ccamionmagasin.fr/css/1Mp8y/,emotet_november
http://atici.net/old/PkZI74DD/,emotet_november
http://laboritmtest2022.scienceontheweb.net/images/aV5RfMoiboyOdnswRa/,emotet_november
https://blangkonstudio.com/webdeveloper/XZ/,emotet_november
http://45.32.114.141/xilte/SYtPsYVOaJpNvcqVTOi/,emotet_november
http://ftp.agoraexpress.info/cgi-bin/rooSQD2tWB/,emotet_november
http://bet-invest.com/mail/nui/,emotet_november
https://www.manchesterot.co.uk/about-us/KEfGo/,emotet_november
https://bencevendeghaz.hu/2zjoi/aUJLqwAxxlq/,emotet_november
http://www.nipunpharmaskill.com/fonts/jHAVDcbRKKHP24FAf/,emotet_november
https://amorecuidados.com.br/wp-admin/baPRbSWvbBq/,emotet_november
https://www.conceptagency.net/css/zXC/,emotet_november
http://www.atashelement.ir/qds-seo-url-autofill/tmSetsq0wxsmXdA/,emotet_november
https://cpcwiki.de/images/rirOpdztUEfG7WJ/,emotet_november
http://a.angel-tn.idv.tw/web_images/aa7fEDOPvT2F1i/,emotet_november
http://talles.atwebpages.com/sistemas/2WReqC3w1bZsCp/,emotet_november
https://files.encendercomunicacion.com/jardinesdelpilar/7tTka2RzzAH/,emotet_november
http://argojeans.com/FxCredit/tGNivisLKJet7a/,emotet_november
https://annunziato.com.br/swf/5FJ0eeAsKYPctsq/,emotet_november
http://navylin.com/autopoisonous/yT4y0aa/,emotet_november
http://www.3d-stickers.com/cache/ULfOeC4z7U/,emotet_november
http://bevos-training.com/images/MtzUd/,emotet_november
http://ec2-52-89-237-150.us-west-2.compute.amazonaws.com/bhr/wwqjkbu6mk/,emotet_november
http://ctel.com.my/images/J5FV3DsngleQ3/,emotet_november
http://www.clinicaportalpsicologia.com.br/wp-includes/d6tkyFFBNwY/,emotet_november
http://bwsengineering.co.za/configSHV/H0Rs/,emotet_november
http://hsweixintp.com/wp-admin/4m1WxDxza6D8SVrfF/,emotet_november
http://www.cecambrils.cat/wp-content/cXEhHssszV/,emotet_november
http://www.stickers-et-deco.com/admin002vqimbe/hRFZkkzLIl/,emotet_november
http://www.cubix-is.nl/___installation/xRTDRO4qVNwMIg9Wd2u/,emotet_november
https://www.greenvalleyschool.com/rand_images/wbd79XyFhB/,emotet_november
https://www.llev.com.br/app/MpWGl120ya0z56ky/,emotet_november
http://m-ainsurance.com/wp-admin/M4ezdm1UfI/,emotet_november
http://devinagallagher.com/NSA/BVks/,emotet_november
http://darwinistic.com/icon/pvxwXfuOXowTDDg/,emotet_november
http://cubicegg.asia/assets/hQlJfFO/,emotet_november
http://brittknight.com/PHP/qy6/,emotet_november
http://nlasandbox3.com/backup/iCxLdPuH6tfxDQR2/,emotet_november
http://yesdeko.com/app/mydLAE/,emotet_november
http://cultura.educad.pe/wp-content/Vy5ft0Rw/,emotet_november
http://demo.cansunoto.com/lYqTuQ0qe5r2Y/JM1VqkOTTwt7Bvsu/,emotet_november
http://chist.com/dir-/N5zALqqTmf/,emotet_november
http://helpeve.com/wp-admin/sOdeuF1c4DV2h/,emotet_november
http://www.chawkyfrenn.com/icon/LRWYSefRL7/,emotet_november
http://christplanet.com/wp-admin/maint/mtlsi/TxsAE7TAAb/,emotet_november
http://onaltiyadokuz.net/wp-snapshots/9Fvr0E6cY/,emotet_november
http://ftp.appleshipstores.com/admin/8rsSDMyJv31SRdz/,emotet_november
http://cepasvirtual.com.ar/moodle/Lb4gSXE/,emotet_november
http://wordpress.xinmoshiwang.com/list/1N5ty/,emotet_november
http://bundlefilm.com/headers/lkfBH3Czw9CjEW07P2/,emotet_november
http://camsanparke.net/wp-content/h2Ja5bwB03hnyfCb/,emotet_november
http://royreid.co.uk/wp-content/dCwG/,emotet_november
https://cs.com.sg/admin/a1lR5wu/,emotet_november
http://www.angloextrema.com.br/assets/oEt1yYckHKlnNIq/,emotet_november
http://www.muyehuayi.com/cmp/8asA99KPsyA/v6lUsWbLen/,emotet_november
https://wijsneusmedia.nl/cgi-bin/kFB/,emotet_november
http://concivilpa.com.py/wp-admin/i3CQu9dzDrMW/,emotet_november
http://case.co.il/_js/dooigYa/,emotet_november
http://fixoutlet.com/logs/OGlRuU/,emotet_november
http://blacktequila.com.br/2fb62HWWoKi5nfEq2D/XB5VOAXZkhVhSKveYUV/,emotet_november
http://www.cesasin.com.ar/administrator/viA95RR/,emotet_november
http://choltice.eu/mwc/syl3Y/,emotet_november
https://encuadernacionesartis.com/Vk2Z1Na/IZpyySkbU/,emotet_november
http://bytesendesign.nl/cgi-bin/LolX/,emotet_november
http://eznetb.synology.me/@eaDir/E36Y/,emotet_november
https://www.conceptagency.net/css/b8eaKN/,emotet_november
http://45.32.114.141/xilte/Uqm6Eysf3Hkjwh/,emotet_november
https://bencevendeghaz.hu/2zjoi/cwfKJOzA/,emotet_november
http://ruitaiwz.com/wp-admin/MXlp5IsUKwT1k0DtzT/,emotet_november
https://bosny.com/aspnet_client/R50QIOGjmvVlr/,emotet_november
http://asrani.garudaputih.com/nutabalong/bJYqoUIr99qNfoPDx/,emotet_november
http://navylin.com/autopoisonous/4fZQW/,emotet_november
http://db.rikaz.tech/lCx76IlkrBtEsqNFA7/zPYJzpOnzstNOiRHob/,emotet_november
http://gfs270n392.userstorage.mega.co.nz/ul/PCfY6R3GKGjIEQK2tzWLODSlhG-h5NbxGHdNAToANCzjKK8Z6kdCiqshxM6ctHDKpLU09-YobgYybaQkCnpwnw/4718592,Exbyte
http://gfs262n303.userstorage.mega.co.nz/ul/f_re9dP6f9G8GAJhd3p43aJnvHnw7rCHLumJV-MXDlaL2RaSQQrPH1BYStJHWy4JkPgJ13KczuiJoOl0iwjxDA/15204352,Exbyte
http://gfs206n171.userstorage.mega.co.nz/ul/9Y39ts0Mp6xtige0-wHhmMG74YgASgG1UhZYfzl_fh8TN_TQo1gSa92TNe_HTBxvOTirA0yfouEE74-Y3Cy1Tw/81264640,Exbyte
http://gfs206n108.userstorage.mega.co.nz/ul/aX72PSSxERHKJwLdWCCOmsJQRioP7N6kcAltRRTbAgwGtNzcsdYa_7HTb4ToVV_HcVPORXotYAF5WqFAsmAOKA/15204352,Exbyte
http://gfs208n174.userstorage.mega.co.nz/ul/z6nR8uTohiga4QeILJsXcAWlt05Vhu2XiDlne_Qag-rgAmZkK2aZMvYrWC5FHRebBpMoxYZEEqSStHyvU6SnWQ/6815744,Exbyte
http://gfs214n129.userstorage.mega.co.nz/ul/wVJUlrn9bMLekALaMZx_o5FeK-U1oG9q4CWqHGNslUnVY2-BgJcEUxIJX9O4fXEWkt-x80LeAr7Jz9gXTCwzDA/2752512,Exbyte
http://gfs204n140.userstorage.mega.co.nz/ul/_Amu75VCTCu6BgIdFs8ZgHPyHqBFm5Cj8bV1xkM5QFt2T0x-9C_KlHQAQ3kX4bzj8jgmyK9-dlbmx9ef6Y9JDw/1966080,Exbyte
https://datie-tw.com/img/O8G0RDZj7MYCuJyPoP/,emotet_november
http://sbm.xinmoshiwang.com/upload/VaOfWEb3pW76UO/,emotet_november
https://copunupo.ac.zm/cgi-bin/WFFcGx/,emotet_november
http://ly.yjlianyi.top/wp-admin/4cChao/,emotet_november
https://nomadeyo.com/mo/eitccothra-uem,Qbot
https://southern.edu.pe/nu/anmii-te,Qbot
https://hubvapes.com/eo/nmsoi-stnu,Qbot
https://toptechgiants.com/ar/tsi-iiqlaud,Qbot
https://swastikpackers.in/li/omlored-apvoulst,Qbot
https://lifecode.net.br/ut/ublsiopvttau-pdmetii,Qbot
https://searcher69.de/auqs/qiu-uvuopmttal,Qbot
https://minecraft.ro/ro/initdcnu-siue,Qbot
https://nomadeyo.com/D2.zip,Qbot
https://southern.edu.pe/D2.zip,Qbot
https://hubvapes.com/D2.zip,Qbot
https://toptechgiants.com/D2.zip,Qbot
https://swastikpackers.in/D2.zip,Qbot
https://lifecode.net.br/D2.zip,Qbot
https://searcher69.de/D2.zip,Qbot
https://minecraft.ro/D2.zip,Qbot
https://crawler.ga/em/index.php?ormedol-iainmm=7,Qbot
https://kiflejemberu.com/not/index.php?urnacaeesd-ste=3,Qbot
https://lakebuck.com/hc/index.php?aelmottuvp-iortnae=10,Qbot
https://learningcurve.org.uk/it/index.php?quo-mllau=5,Qbot
https://loss.adv.br/euif/index.php?cunoqastuer-fsciofii=4,Qbot
https://solarcompanybakersfield.com/eiqu/index.php?imgna-hreeridpneert=1,Qbot
https://travelougee.com/qeu/index.php?ni-ex=10,Qbot
https://beequick.in/ubl/index.php?e=i1.zip,Qbot
https://crawler.ga/em/index.php?e=i1.zip,Qbot
https://easydownloadvideo.com/slt/index.php?e=i1.zip,Qbot
https://engineerbudge.xyz/iux/index.php?e=i1.zip,Qbot
https://epabd.org/uod/index.php?e=i1.zip,Qbot
https://kiflejemberu.com/not/index.php?e=i1.zip,Qbot
https://lakebuck.com/hc/index.php?e=i1.zip,Qbot
https://learningcurve.org.uk/it/index.php?e=i1.zip,Qbot
https://loss.adv.br/euif/index.php?e=i1.zip,Qbot
https://mobilium.pl/al/index.php?e=i1.zip,Qbot
https://ngosathi.in/sti/index.php?e=i1.zip,Qbot
https://oplexxlifestyle.com/nri/index.php?e=i1.zip,Qbot
https://solarcompanybakersfield.com/eiqu/index.php?e=i1.zip,Qbot
https://summernightlifeoutreach.com/uq/index.php?e=i1.zip,Qbot
https://tanqa.org/qaus/index.php?e=i1.zip,Qbot
https://travelougee.com/qeu/index.php?e=i1.zip,Qbot
https://wedvisa.co.uk/ralu/index.php?e=i1.zip,Qbot
https://whales-capital.net/asci/index.php?e=i1.zip,Qbot
http://188.34.187.110/v5sqpe.dotm,Lockbit
http://188.34.187.110/1234.exe,Lockbit
http://62.204.41.25/3g4mn5s/index.php,Lockbit
http://62.204.41.25/3g4mn5s/Plugins/cred.dll,Lockbit
http://188.34.187.110/dd.ps1,Lockbit
http://188.34.187.110/cc.ps1,Lockbit
http://188.34.187.110/LBB.exe,Lockbit
https://designelis.com.br/wp-content/NNfbZZegI/,emotet_november
http://cursosweb.com.br/portal/6ozjR/,emotet_november
http://db.rikaz.tech/lCx76IlkrBtEsqNFA7/,emotet_november
https://bayernbadabum.com/botpack.dat,IcedID
http://87.251.67.176/tps1.ps1,Bumblebee
http://134.209.118.141/bb.dll,Bumblebee
https://afribookmarket.com/oesi/index.php?darnupeadie-oimns=8,Qbot
https://argroups.pk/xiur/index.php?in-uaqi=4,Qbot
https://artbeyondart.com/tsen/index.php?set-xe=8,Qbot
https://artofthreadingcorp.com/mup/index.php?csauaeerdn-aspmi=3,Qbot
https://atelier-pro-concept.fr/qmt/index.php?maips-te=10,Qbot
https://bittotb.com/iod/index.php?onem-lorsdoe=6,Qbot
https://bjkb.gov.bd/etis/index.php?chi-uoq=5,Qbot
https://calzadoflowerss.com/aoib/index.php?qsui-eauqatr=6,Qbot
https://capricornintegratedsolutions.com/ittr/index.php?acthicrote-ctnqousuuner=8,Qbot
https://carwashpolishbd.com/op/index.php?iuq-ruei=1,Qbot
https://cecati61.com/rals/index.php?eatnisep-qdou=5,Qbot
https://desilondonhousing.com/crb/index.php?odoi-qui=2,Qbot
https://diamondnotary.net/ieul/index.php?seuotrbimp-otlaetvpmu=6,Qbot
https://diplomamedical.com/mn/index.php?saltuo-aerblo=1,Qbot
https://eaesanat.com/nu/index.php?uemrr-emouodrqle=6,Qbot
https://gegoneba.com/ttue/index.php?tau-rmoedol=1,Qbot
https://gentechsolutions.co.tz/ttv/index.php?ex-iuq=5,Qbot
https://headspace.ng/alt/index.php?udmoorl-esrpeorias=8,Qbot
https://herhealthndhappiness.org/nr/index.php?faeecr-eltiv=5,Qbot
https://icagents.com/etd/index.php?diact-mcu=4,Qbot
https://itegglobal.com/roui/index.php?eueaq-eses=10,Qbot
https://jimmyjamtshirts.com/srau/index.php?sidipica-eist=7,Qbot
https://jtkproducciones.com/bu/index.php?etvia-scuacmusa=4,Qbot
https://kurdtube.xyz/mdis/index.php?lalum-uamll=1,Qbot
https://laworders.net/tqs/index.php?ispa-rem=5,Qbot
https://learnquran.co.nz/lic/index.php?etlapac-mer=7,Qbot
https://lincolnsale.com/st/index.php?etmorep-resaptrnau=3,Qbot
https://lisatour.org/are/index.php?eecfra-non=10,Qbot
https://lordglass.com/is/index.php?qiu-ipas=7,Qbot
https://oilreach.co.uk/iq/index.php?suiq-idmo=10,Qbot
https://oladimejiabubakar.com/qldn/index.php?abeaet-paseient=8,Qbot
https://osevic.com/elnd/index.php?opuasbluittv-ptauieidct=4,Qbot
https://palmarspj.com/oi/index.php?sed-atmue=10,Qbot
https://petprovince.com/isgt/index.php?mnoe-reuqcnutusno=4,Qbot
https://pramesh.in/el/index.php?aiuq-iletv=4,Qbot
https://puertasautomaticasenhidalgo.com.mx/an/index.php?reorr-dgeileni=7,Qbot
https://rushed2u.com/ptei/index.php?amgman-a=1,Qbot
https://sherpaassociationusa.org/eaen/index.php?aimsroe-anucsticuam=4,Qbot
https://stewartroadhoglogisticsllc.com/ue/index.php?et-tsei=9,Qbot
https://trustguaranteedco.com/ou/index.php?iitesbd-miipdte=9,Qbot
https://welive2sell.com/laem/index.php?nsit-eutsnnci=6,Qbot
https://zanjira.com/ntie/index.php?ausiq-epiutidcta=9,Qbot
https://reymanenergy.com/cte/index.php?ooid-ulsaot=1,Qbot
https://hkdesign-lb.com/ettu/index.php?imson-sti=1,Qbot
https://tlcskinpj5.xyz/iluo/index.php?itsciepspari-srrpoeaeis=8,Qbot
https://smmcfan.com/ata/index.php?ste-iunnidct=2,Qbot
https://bairesservicios.net/eas/index.php?isailcf-inhil=6,Qbot
https://adityawebdesigns.in/fix/index.php?eosematli-xe=3,Qbot
https://reymanenergy.com/cte/index.php?scudium-rucirotp=3,Qbot
https://kalconprojects2020.com/emio/index.php?osiut-lsvuaopt=8,Qbot
https://chenchenweightloss.com/talv/index.php?luetpatovm-itcussip=2,Qbot
https://chenchenweightloss.com/talv/index.php?qiuuamsq-iqu=8,Qbot
https://contamed.com.br/ox/index.php?tes-ifsciofi=8,Qbot
https://klouddata.com/tpre/index.php?esti-mpreote=5,Qbot
https://sebpobd.com/pt/index.php?tnis-ermru=8,Qbot
https://nasakaachau.com.vn/ove/index.php?taaeurq-id=5,Qbot
https://conceitosconsultores.com.br/qu/index.php?iqsu-ubrmoal=9,Qbot
https://nasakaachau.com.vn/ove/index.php?iuq-qmuedi=7,Qbot
https://apotekmedic.com/vmli/index.php?auiq-onn=9,Qbot
https://westcovinasportsplex.net/euru/index.php?rcfeea-piaesnet=1,Qbot
https://iehegypt.com/brm/index.php?uiq-te=3,Qbot
https://yournin.com.ng/uec/index.php?odrlo-mruha=8,Qbot
https://alphamead.com/dae/index.php?nedu-gauf=4,Qbot
https://vinagalab.com/ica/index.php?nottxeiiamerec-emltsoisa=7,Qbot
https://cebajaepuno.edu.pe/sl/index.php?lpauobvsiutt-ilnhi=6,Qbot
https://firstzonevillas.com/drm/index.php?eerfca-eeuqn=4,Qbot
https://homelandtraders.com/in/index.php?uecrsettonc-anm=7,Qbot
https://faraneshlv.com/mu/index.php?dmocmio-eeurntt=6,Qbot
https://novohrad.hu/iou/index.php?its-iesu=10,Qbot
https://jutestickcharcoal.com/dqm/index.php?ative-sqiu=4,Qbot
https://erhansaygili.com/iu/index.php?tnus-et=1,Qbot
https://thortechdigital.id/eal/index.php?tretnue-te=10,Qbot
https://therightfit.pk/eimp/index.php?smqileuii-rooedsl=5,Qbot
https://kerafill.com/ii/index.php?cucmusasa-oaplstuv=10,Qbot
https://bprartaagung.co.id/eei/index.php?uqene-da=7,Qbot
https://venzonthomas.com/mm/index.php?etrntue-asiqu=7,Qbot
https://desa-nifukani.my.id/mt/index.php?eerdauapidn-lvteoaumpt=6,Qbot
https://shivaniskinclinic.com/obms/index.php?aiuq-sitcpaiepsri=10,Qbot
https://affordablessaysolution.com/pra/index.php?tu-stnu=5,Qbot
https://mumbralive.com/es/index.php?uerrm-mamnga=7,Qbot
https://marcoscantori.com.ar/el/index.php?orrop-qaui=8,Qbot
https://athath-jda.com/sm/index.php?potoi-creafe=1,Qbot
https://samahouran.ae/iap/index.php?cih-aiedtpex=9,Qbot
https://pekar.pt/lc/index.php?ste-esrtneud=3,Qbot
https://didianacozinha.com.br/mc/index.php?ets-desorlo=7,Qbot
https://bakedbyjustbaked.com/ultu/index.php?iomcdmo-siiomsidgsn=4,Qbot
https://ababiil.com/te/index.php?nno-ooledr=1,Qbot
https://spateltraders.com/cli/index.php?slovputa-lborsduoi=8,Qbot
https://websitedemo2021.com/ur/index.php?trirucop-nismu=4,Qbot
https://distillcraft.co.za/tqve/index.php?maiin-atqeu=1,Qbot
https://jawaidbross.com/idsu/index.php?leoarb-aolvetupt=2,Qbot
https://dubafricars.com/cl/index.php?llio-etivl=9,Qbot
https://raissatec.ma/rn/index.php?ixapeolbc-uat=8,Qbot
https://tashteepat.com/ait/index.php?ectrappiissi-te=7,Qbot
https://sheikh.co.tz/fic/index.php?hci-omroled=3,Qbot
https://travelneedshelp.com/otn/index.php?tua-aipeisritscp=7,Qbot
https://ensinamosaqui.com.br/ped/index.php?mnei-mmiaxe=7,Qbot
https://quacklabs.co.in/tgal/index.php?olibrosud-siuq=6,Qbot
https://ridtechzone.com/rtas/index.php?ites-turtene=1,Qbot
https://azimute4.com.br/sn/index.php?uta-qiu=2,Qbot
https://alita-ks.com/pia/index.php?ab-tu=10,Qbot
https://drive.google.com/uc?id=1pJR6hvEcdZFNPS9BIuw2Egcp_gb-pvLR&export=download,Earth_Preta
https://drive.google.com/uc?id=1t0Cxanp-cm9bOyOfrfu5BN1ya2CZs-3q&export=download,Earth_Preta
https://drive.google.com/uc?id=12ZEERd58S25zxAWUF5tiBSPOswYgtU2j&export=download,Earth_Preta
https://drive.google.com/uc?id=1OGNqBZNG57STWtoTIUwoBMFDIcu9AMh1&export=download,Earth_Preta
https://drive.google.com/uc?id=1BG0F1NdkPZOY6w2Y0YEs6nMGYLvSJiQo&export=download,Earth_Preta
https://drive.google.com/uc?id=1mQGqtxR8XzafPalD7hEUBZw-LHtPHeAG&export=download,Earth_Preta
https://drive.google.com/uc?id=1mhv6sOKU1OmqrX3PRB7fme-STM8wCMw4&export=download,Earth_Preta
https://www.dropbox.com/s/8zswaln4nm0neap/Action%20Plan%202022.zip?dl=1,Earth_Preta
http://103.75.190.224/Enable_Adobe_Flash_Player.zip,Earth_Preta
https://drive.google.com/uc?id=1xr-NUG2el_8wI6Lnvkp-q17rV3C_vxoC&export=download,Earth_Preta
https://drive.google.com/uc?id=1fMn9S7VIn8BszBL-VcNdJF8SkKzwTRov&export=download,Earth_Preta
https://drive.google.com/uc?id=14topBrJNM5J1m4h2bO3ihi5M6apWnx8S&export=download,Earth_Preta
https://drive.google.com/uc?id=1aTbT-p28UK-KaYttQT3nIdynHnVdPS6w&export=download,Earth_Preta
https://drive.google.com/uc?id=1roe1BE_Riy7AVbqtJZUxKTHkNvs3yn3a&export=download,Earth_Preta
https://drive.google.com/uc?id=1g36jBkVLHubXsKrf9MaUkbRwBYv6Iu7-&export=download,Earth_Preta
https://drive.google.com/uc?id=1UHAuqp6a3qNZfzF51-p3XBDYMkG77aYL&export=download,Earth_Preta
https://drive.google.com/uc?id=1zlvioLjo9HjTVqP0fDBrkQnJACW9HABf&export=download,Earth_Preta
https://drive.google.com/uc?id=1qWMPrQ_s55Y__9mBIRR1-Nw6oQiFdMII&export=download,Earth_Preta
https://drive.google.com/uc?id=1072qv4eeKRZLRfiSsx0OfrRzBLk2f0Xe&export=download,Earth_Preta
https://drive.google.com/uc?id=1KJ702ReZ_C_Z6sHzd2W1hciHjhSd9pH&export=download,Earth_Preta
https://drive.google.com/uc?id=19eGOwbQZU8Qtvt2t5kqPdvRY7S_1N504&export=download,Earth_Preta
https://drive.google.com/uc?id=1A6JFwcE0s9KFdLkdABgZmnavH709XCtM&export=download,Earth_Preta
https://drive.google.com/uc?id=1PSKh4XIMoPCsLmsUvmqWJ67lyoQuOBgZ&export=download,Earth_Preta
https://drive.google.com/file/d/1S6WhR8iIXTsKxroU6tY_PlJhDlA_0r_-/view?usp=drive_web,Earth_Preta
https://drive.google.com/uc?id=1tf0_WX1Qak84rfylGEoo4YvlYU5Dd5vA&export=download,Earth_Preta
https://drive.google.com/uc?id=1_kYWY8u9mLqNBfBQh53ZQSxAPFB_hWaf&export=download,Earth_Preta
https://drive.google.com/uc?id=1vQWG_GdVcqM_pp_UbbEysuC_AGr4flFP&export=download,Earth_Preta
https://drive.google.com/uc?id=1oyY0Fda3sqnogAIQQdkr3yDko5RJX67E&export=download,Earth_Preta
https://drive.google.com/uc?id=1qKHgooWqJaaPxtEaPDbhaL0oD_NheOi6&export=download,Earth_Preta
https://drive.google.com/file/d/1zHRbWBx1ZXNMetm7RxawRS2b55yF6337/view?usp=drive_web,Earth_Preta
https://unleashed.in/tets/index.php?tasun=8,Qbot
https://afccoservices.com/imlo/index.php?euntetr=5,Qbot
https://galaxyengineers.net/am/index.php?te=9,Qbot
https://lesindispensables01.fr/atta/index.php?iuqa=5,Qbot
https://psinformatica.inf.br/uvp/index.php?qiu=2,Qbot
https://rivashaa.com/rod/index.php?cduniint=8,Qbot
https://ultimateservices.org/uiqe/index.php?eds=5,Qbot
https://uniconnectcentre.com/ed/index.php?sti=2,Qbot
https://cakeondial.com/qon/index.php?des=9,Qbot
https://cakeondial.com/qon/index.php?e=OR1510220407.zip,Qbot
http://146.70.158.183/Summary_3448527_12192022.zip,Qbot
http://193.42.36.127/Summary_6253704_12192022.zip,Qbot
http://51.178.212.188/Summary_6138750_12192022.zip,Qbot
http://docklandsacc.com/IUM.php?IIMNA=2,Qbot
http://globusmarine.in/QUIS.php?UAQET=3,Qbot
http://tauruspartners.net/SAAB.php?IABLSIDTIN=4,Qbot
https://al-raed.ps/MRAU.php?REECFA=4,Qbot
https://cataclysm.pe/EINU.php?UMRRE=5,Qbot
https://culmenodontologia.cl/PM.php?UT=6,Qbot
https://desanalabs.info/TICS.php?MIMIAN=10,Qbot
https://fivo.digital/IHM.php?PEESA=2,Qbot
https://fraferconsulting.com/EEON.php?ESO=2,Qbot
https://imbspa.org/AE.php?UQAE=10,Qbot
https://iqcryptotrading.com/QUQ.php?OLOMDER=1,Qbot
https://jewelleryhub.co.in/UTTA.php?ACAETOICC=7,Qbot
https://metrotube.com.my/AIIA.php?LEPRAELT=5,Qbot
https://pnp.ma/ASI.php?REMRU=1,Qbot
https://samemee.com/ETTE.php?DES=8,Qbot
https://smartvisioncargo.com/ATE.php?IN=6,Qbot
https://therapeuticcare.com.au/PORT.php?STI=3,Qbot
https://zol3x.ir/IDIN.php?ERPAEAUIDND=1,Qbot
http://maklis.com.mx/blog/Attn_XXXXXX_12222022.zip,Qbot
http://rxp.com/blog/Attn_XXXXXX_12222022.zip,Qbot
http://dgpoker88.online/OAL.php?LEVIT=3,Qbot
http://dgpoker88.online/OAL.php?OTETLUAPVM=3,Qbot
http://entreprises-dynamiques.fr/SOO.php?LLUMA=8,Qbot
http://errorsworld.com/SUII.php?EMTDIIP=3,Qbot
http://idyllicventures.com/TD.php?RUREM=2,Qbot
http://interioworlds.com/IQ.php?POROR=3,Qbot
http://lastminute-escapes.com/NI.php?AFGU=4,Qbot
http://learnoviame.com/PNA.php?REUMR=4,Qbot
http://lmlsolutions.lk/MRV.php?AIUQ=5,Qbot
http://lmlsolutions.lk/MRV.php?UIQA=9,Qbot
http://o3-r-ei9ioj7yk-i7uc.com.co/TEC.php?TEIEIATNCORXME=2,Qbot
http://poochtopaws.com/SAQS.php?ANSUMEASD=10,Qbot
http://relaxedlife.online/NOER.php?UQI=4,Qbot
http://ssimex.com/MLA.php?UILLM=10,Qbot
http://study-ground.net/PMA.php?RENTIVNOE=1,Qbot
https://abcflores.cl/QDIU.php?DA=5,Qbot
https://adolphochs.com/OL.php?UQI=1,Qbot
https://aiimtvns.com/UL.php?MUAQQISU=4,Qbot
https://alayarencontre.com/NPS.php?A=10,Qbot
https://alayarencontre.com/NPS.php?UNALL=8,Qbot
https://albaytar.net/AI.php?MDIOOCM=10,Qbot
https://alkneer.life/MEMX.php?MLIIOALT=10,Qbot
https://azmistudio.com/TSUE.php?UQIALMA=3,Qbot
https://bluetci.com/IEA.php?QUMUEC=8,Qbot
https://btb-aircon.vn/MT.php?TU=1,Qbot
https://carmanaz.com/QU.php?ONN=1,Qbot
https://cdlto.com.br/QS.php?ITS=4,Qbot
https://cdlto.com.br/QS.php?RUETAQA=2,Qbot
https://dabeecao.org/SEIT.php?MQAU=8,Qbot
https://emagrecercomsaude.digital/OAQB.php?SUQI=5,Qbot
https://emagrecercomsaude.digital/OAQB.php?TU=5,Qbot
https://emmanuelalexisaiko.com/MA.php?IQSU=7,Qbot
https://fcl-egypt.com/UTET.php?ITPOO=3,Qbot
https://fgtransportservice.it/ETD.php?ET=3,Qbot
https://footballgems.live/IIHN.php?TIEASRITV=10,Qbot
https://fullminelogistics.co.ug/EE.php?EMLTIESAO=10,Qbot
https://fysolar.tech/IE.php?NTSI=3,Qbot
https://genuspaper.com/TU.php?EIXTPDEA=3,Qbot
https://gripacheck.pe/TET.php?EDS=2,Qbot
https://hannafoldy.hu/PE.php?SINT=7,Qbot
https://hocogiasi.com/OU.php?HILNI=6,Qbot
https://homeservices.bj/OM.php?UTA=6,Qbot
https://idealfirstaid.com/RNR.php?ISCPADII=1,Qbot
https://incsite.mx/SSIO.php?AMAGMN=9,Qbot
https://irentcarrental.com/SI.php?EOS=8,Qbot
https://irtshop-promo.com/OMOE.php?ESD=9,Qbot
https://jinna.vn/ETTE.php?IOOD=6,Qbot
https://johnbrown.info/CE.php?AE=7,Qbot
https://kabbalahsecrets.com/EMOR.php?UISTO=7,Qbot
https://kientructayho.vn/EGU.php?QEUA=4,Qbot
https://kund.mpp.se/ALQ.php?OEMAIETLS=1,Qbot
https://kurtaetterem.hu/TETU.php?IVREPNDOT=2,Qbot
https://kviacm.com/QM.php?TIS=9,Qbot
https://lashdesign.com.au/TI.php?OSIAMER=3,Qbot
https://loncotoro.cl/SLC.php?UASQI=1,Qbot
https://mamimami.com.br/IC.php?IPMTIDE=2,Qbot
https://metodolucrativonline.com.br/IEDI.php?ITS=6,Qbot
https://mexgroup.com.mx/EDT.php?EX=1,Qbot
https://monitorhealthcare.com/OLUT.php?UQO=6,Qbot
https://mtechthesis.com/LEVP.php?TE=9,Qbot
https://netbd.net/LETA.php?TAU=3,Qbot
https://nhathuochaiduong.com/ATA.php?SESE=4,Qbot
https://notunprithivi.com/AABU.php?EICINDERIS=6,Qbot
https://onemarketperu.com/AEMI.php?IST=9,Qbot
https://perunaturtex.com/MNDS.php?ORLESDO=9,Qbot
https://pioneersteelgroup.com/EE.php?ISIN=2,Qbot
https://porallasilks.com/DIO.php?UIQMDE=6,Qbot
https://pyramids-egypt.com/OE.php?TERDNVOPI=8,Qbot
https://radiocaminoalcielo.online/RO.php?DLQIIAU=2,Qbot
https://ragsistemas.net/DD.php?PIFEREESNRD=3,Qbot
https://rallydeinnovacion.org/AEAD.php?FCSIILA=5,Qbot
https://rallydeinnovacion.org/AEAD.php?LNTEEIID=4,Qbot
https://realpub.org/PETA.php?ITS=2,Qbot
https://rentverify.net/ST.php?ASUIMTUNACC=9,Qbot
https://rentverify.net/ST.php?TACDI=10,Qbot
https://rincamper.com/DL.php?TE=8,Qbot
https://riva1000.com/QUEV.php?OESETCRUTCN=7,Qbot
https://s4acic.co.uk/RP.php?IINS=1,Qbot
https://seges.com.co/II.php?EPERDAUIADN=10,Qbot
https://selon.one/USN.php?UMLAL=7,Qbot
https://senacosmetics.com/OII.php?AOTMT=3,Qbot
https://shortcutboosting.com/IE.php?EOS=8,Qbot
https://sreeramdyes.com/AMOC.php?MIEAPAR=5,Qbot
https://standoutuk.com/MEIT.php?NUICNEST=10,Qbot
https://synapsedairy.com/TIU.php?USNAT=8,Qbot
https://synergymobile.in/UREA.php?MAET=4,Qbot
https://talhaiti.com/UMT.php?PTIOO=1,Qbot
https://ti2.in/UI.php?RAMUE=1,Qbot
https://tradingbinaryprofit.com/AT.php?UIQ=8,Qbot
https://travelfareonline.com/TC.php?ONN=8,Qbot
https://travelfareonline.com/TC.php?TASPUNREIME=1,Qbot
https://tvojpogled.rs/SO.php?TAU=7,Qbot
https://wanderlustceylontours.online/UTMI.php?TAU=3,Qbot
https://webtypemedia.com/STTE.php?NAM=3,Qbot
https://zonetvv.online/LROE.php?ISCMUDU=9,Qbot
http://dynapowerusa.com/way/Cancellation_651534_Dec23.zip,Qbot
http://davidkujawa.com/way/Cancellation_508745_Dec23.zip,Qbot
http://brancoperu.com/blog/Cancellation_209652_Dec23.zip,Qbot
http://ashikurrohman.com/rulesupdate/FixesASAP_EBP4.zip,Qbot
http://pilesfistulasurgery.com/rulesupdate/FixesASAP_SPT8.zip,Qbot
https://cs.com.sg/Backup/Bk778kXNKMiH5vH/oxnv1.ooccxx,emotet
https://j2ccamionmagasin.fr/css/1Mp8y/oxnv2.ooccxx,emotet
http://atici.net/old/PkZI74DD/oxnv3.ooccxx,emotet
http://clanbaker.org/css/khhl7kT2n69n/oxnv4.ooccxx,emotet
http://zolotayavitrina.com/Jan-statement.xn--exe-9o0a,Rhadamanthys
https://t.me/noname05716,NoName057
https://t.me/nn05716chat,NoName057
https://firebasestorage.googleapis.com/v0/b/sharp-arcanum-371719.appspot.com/o/wqKij0QOQq%2FInv_162_Jan-01_Copy.zip?alt=media&token=7b3e39a8-569e-4c27-b55f-e3545b68affc,IcedID
https://tria.ge/230112-zncd8see5z,IcedID
https://firebasestorage.googleapis.com/v0/b/abstract-robot-371800.appspot.com/o/x4KJw1xBh6%2FDocument_233_Copy_01-12.zip?alt=media&token=3d562118-5961-4e9b-a1e7-49c1fcf42211,IcedID
https://wwwteamvlewer.top/en/download/mac-os/index.html,IcedID
https://wwwteamvlewer.top/en/products/teamviewer/?gclid=EAIaIQobChMIzfLfh_nR_AIVBo3ICh2OKA63EAAYASAAEgJADPD_BwE,IcedID
https://wvwteamviewer.top/en/download/mac-os/index.html,IcedID
https://wvwteamviewer.top/en/products/teamviewer/?gclid=EAIaIQobChMIgMTL2qnU_AIVhNzICh1YjgK6EAAYASAAEgKNtvD_BwE,IcedID
https://tria.ge/230119-zjfwvsed2w,IcedID
https://firebasestorage.googleapis.com/v0/b/first-vision-372414.appspot.com/o/os4k30bmGh%2FPaid_Offer_271_Jan_19.zip?alt=media&token=34e23676-80cb-44c1-9e65-a4f4091e368f,IcedID
https://tria.ge/230120-vnmgzsha77,IcedID
https://firebasestorage.googleapis.com/v0/b/steady-freedom-371720.appspot.com/o/z3VHi3Xv9I%2FSetup_Win_20-01-2023_17-40-16.zip?alt=media&token=4ef581cc-a7fc-45ad-9e6f-2ea2ba01a333,IcedID
https://wvvteamviewer.top/en/products/teamviewer/?gclid=EAIaIQobChMI-5X-mdnW_AIVkv7jBx2n5gCTEAAYASAAEgIvRvD_BwE,IcedID
https://tria.ge/230118-l1nq5see38,Redline_stealer
https://api.ip.sb/ip,Redline_stealer
https://zoomdowndesktop.store/files/Zoom.zip,Redline_stealer
https://www.4sync.com/web/directDownload/wCZAi6TK/9L_yyhjX.dd6f20abf95e4589a7f7444c839fff9e,Redline_stealer
https://adobepresetforyou.us/?gclid=EAIaIQobChMIusS4y8jW_AIVhYnICh26pQmMEAMYASAAEgKO3_D_BwE,Redline_stealer
https://zoomdowndesktop.store/?gclid=EAIaIQobChMIpKL91KvW_AIVDuXICh2oMAa1EAAYASAAEgLHZPD_BwE,Redline_stealer
http://tempuri.org/Entity/Id21Response,Redline_stealer
https://cdn.discordapp.com/attachments/1059184089866969141/1064172778871341087/RufusSetup-win64-32.zip,Redline_stealer
https://rufus-en.pitch-i.com/?gclid=EAIaIQobChMIyb_8ktfR_AIVY_bjBx0W5QrJEAMYASAAEgKk9PD_BwE,Redline_stealer
http://audioselec.com/about/dDw5ggtyMojggTqhc/,emotet
https://bitbucket.org/assop,Google_ads
https://onedrive.live.com/download?cid=5A85AB1DF3C010C5&resid=5A85AB1DF3C010C5!106&authkey=AHUhikD6kuaFpgc,Google_ads
https://www.dropbox.com/s/dl/gbz562kdkbmqqjy/R_Setup_x64.zip,Google_ads
https://firebasestorage.googleapis.com/v0/b/crack-future-370808.appspot.com/o/EYhD0l4wa6%2FSetup_Win_26-01-2023_17-03-11.zip?alt=media&token=fca63bec-259c-4f87-8d67-877d5f4aeb61,Google_ads
https://firebasestorage.googleapis.com/v0/b/charged-polymer-370817.appspot.com/o/dxO5oIPxYA%2FSetup_Win_30-01-2023_19-39-36.zip?alt=media&token=1bf28115-0387-4e4d-bbe5-9af29f0b9dc5,Google_ads
https://firebasestorage.googleapis.com/v0/b/quantum-transit-370811.appspot.com/o/YVIcnsRcew%2FSetup_Win_24-01-2023_20-15-52.zip?alt=media&token=a3d8010f-6dfb-4fba-bb13-e4519c54992a,Google_ads
https://firebasestorage.googleapis.com/v0/b/watchful-audio-371718.appspot.com/o/Vh2gD2kL2J/Setup_Win_31-01-2023_16-27-51.zip?alt=media&token=b5e4af07-730b-451f-93a3-de9f06db2d62,Google_ads
https://firebasestorage.googleapis.com/v0/b/shaped-aegis-371721.appspot.com/o/ntjLgejJBW%2FSetup_Win_20-01-2023_19-20-28.zip?alt=media&token=42ea5344-6a04-4ebf-a55e-d42e9b8f2b81,Google_ads
https://firebasestorage.googleapis.com/v0/b/confident-totem-371713.appspot.com/o/GvccFO6nyT%2FSetup_Win_24-01-2023_17-01-52.zip?alt=media&token=8a605e3d-094d-40ad-9889-4638aacf6357,Google_ads
HTTP://LOCKBITKS2TVNMWK.ONION,Lockbit
HTTP://LOCKBITAPT6VX57T3EEQJOFWGCGLMUTR3A35NYGVOKJA5UUCCIP4YKYD.ONION/CONDITIONS,Lockbit
HTTP://185.182.193.120/06599379103BD9028AB56AE0EBED457D0,Lockbit
https://charlotteblackfilmfestival.com/9r3wd/OI.png,Qbot
https://ebenezersecurelinks.com/oia5N/OI.png,Qbot
https://ezintern.com/QdQjTTR/OI.png,Qbot
https://fcs-courier.com/ntDAqGR/OI.png,Qbot
https://klearpressltd.com/I2V7p/u.gif,Qbot
https://plasticsurgerydubaiuae.com/43wxl/OI.png,Qbot
https://unitedmedicalspecialties.com/T1Gpp/OI.png,Qbot
https://zadehgallery.com/b842h1c/u.gif,Qbot
http://barm.ml/TOL.php?EDS=9,Qbot
http://mycallsystem.com/VLI.php?RLOBUAM=9,Qbot
https://brikscorp.com/TTI.php?UOQ=3,Qbot
https://cellnetmw.com/UUU.php?OIOTP=1,Qbot
https://curve.best/AUDB.php?UME=5,Qbot
https://desimart.ae/EE.php?RIDHEREENERTP=3,Qbot
https://kngshop.ci/AFA.php?ISNI=4,Qbot
https://mbfashioninternationalltd.com/OLRO.php?MUAER=8,Qbot
https://tangramgulf.com/RL.php?SSCUAMUCA=3,Qbot
https://traholic.com/UI.php?EBETAA=10,Qbot
http://mycallsystem.com/VLI.php?e=W16.zip,Qbot
https://barm.ml/TOL.php?e=W16.zip,Qbot
https://brikscorp.com/TTI.php?e=W16.zip,Qbot
https://cellnetmw.com/UUU.php?e=W16.zip,Qbot
https://curve.best/AUDB.php?e=W16.zip,Qbot
https://desimart.ae/EE.php?e=W16.zip,Qbot
https://kngshop.ci/AFA.php?e=W16.zip,Qbot
https://tangramgulf.com/RL.php?e=W16.zip,Qbot
https://traholic.com/UI.php?e=pdf9.zip,Qbot
http://139.99.117.17/38673.dat,Qbot
http://95.179.215.225/86355.dat,Qbot
https://isc901.com/IDN.php?DNSTEEUR=1,Qbot
https://milestonedestinations.com/NTE.php?ICEPEXUTR=9,Qbot
https://renaissance-chauffage-climatisation.com/RA.php?EMTULAVTPO=6,Qbot
https://jangidmotors.com/IU.php?BA=8,Qbot
https://jkanordic.com/SME.php?AQEUE=10,Qbot
https://nmconcepts.com/EPI.php?MMNIIA=6,Qbot
https://selectsecurityservice.com/TI.php?ETAMU=3,Qbot
https://maestrosantamaria.com/SOT.php?BETRSUPMOI=4,Qbot
https://nstechdemo.com/RU.php?TINS=5,Qbot
https://isc901.com/IDN.php?e=COR1.zip,Qbot
https://milestonedestinations.com/NTE.php?e=COR1.zip,Qbot
https://renaissance-chauffage-climatisation.com/RA.php?e=COR1.zip,Qbot
https://jkanordic.com/SME.php?e=COR1.zip,Qbot
https://nmconcepts.com/EPI.php?e=COR1.zip,Qbot
https://maestrosantamaria.com/SOT.php?e=COR1.zip,Qbot
https://nstechdemo.com/RU.php?e=COR1.zip,Qbot
http://49.50.84.121/50007.dat,Qbot
http://141.164.35.94/11690.dat,Qbot
http://185.104.195.95/66538.dat,Qbot
http://185.231.205.246/36564.dat,Qbot
http://87.236.146.112/62865.dat,Qbot
https://jewishlabourbundarchive.net/zdtK9c/01.gif,Qbot
https://nerulgymkhana.com/CCoN/01.gif,Qbot
https://somosacce.org/aswyw/01.gif,Qbot
https://tassoinmobiliaria.com/56G0/01.gif,Qbot
http://154.7.253.191/72363.dat,Qbot
http://216.120.201.100/60852.dat,Qbot
https://ozcontests.com/tE3xt/01.png,Qbot
http://174.139.150.45/653219.dat,Qbot
http://tempsolutionsde.com/images/1.gif,IcedID
http://restlomik.com/gatef.php,IcedID
https://unitedmedicalspecialties.com/T1Gpp/OI.png,IcedID
http://195.133.40.128:333/information.txt,AsyncRAT
http://195.133.40.128:333/img.png,AsyncRAT
http://45.66.151.81/blob/xxx.png,Rhadamanthys
http://141.98.82.254/blob/is4mlw.suqp,Rhadamanthys
http://85.208.136.26/blob/vpuu9i.7b4x,Rhadamanthys
https://casualscollection.com/l2iy4Dn/09.gif,Qbot
http://gkjdepok.org/crtfc/lwbYFO.dll,Qbot
http://104.236.1.43/YXF/150223.gif,Qbot
http://lockbit3jx6je7tm6hhm6zzafgy6hpil3ur6jmc2a4ugan7xzztv6oqd.onion,Lockbit
http://lockbitdvbpfczc3yrs37kpp6avnrgr7yygi2f45qxvef2yqi36lpxyd.onion,Lockbit
http://lockbit3hc6syym13ki2ag5jskr6q5qa3spspjpmtfhh6fufut737zid.onion,Lockbit
http://lockbitov3afmxgknfhk2o5d4uqrhygd7ty3xqm56qd6zjlu6u43pgyd.onion,Lockbit
http://evilextractor.com/wp-content/uploads/2022/12/Python39-322.zip,OneNote
https://unitedmedicalspecialties.com/T1Gpp/OI.png,OneNote
https://vielagroglobal.com/Yto/00.gif,OneNote
https://thetwindollar.com/L7PJjN/01.png,OneNote
https://tassoinmobiliaria.com/56G0/01.gif,OneNote
https://starcomputadoras.com/lt2eLM6/01.gif,OneNote
https://somosacce.org/aswyw/01.gif,OneNote
https://shifa365.com/hgxU5/01.gif,OneNote
https://sellscentre.com/1RnB/i.gif,OneNote
https://sahifatinews.com/jZbaw/01.png,OneNote
https://rmbonlineshop.com/VV71d8/300123.gif,OneNote
https://preproddemo.com/CS40KM/d.gif,OneNote
https://plasticsurgerydubaiuae.com/43wxl/OI.png,OneNote
https://ozcontests.com/tE3xt/01.png,OneNote
https://oiartzunirratia.eus/install/clean/Lcovlccdxd.exe,OneNote
https://myvigyan.com/m1YPt/300123.gif,OneNote
https://microbraintechnology.com/p2Egzpf/09.gif,OneNote
https://laoitserv.com/Vos/00.gif,OneNote
https://finetuning-digital.com/wRuLe/01.gif,OneNote
https://fcs-courier.com/ntDAqGR/OI.png,OneNote
https://ezintern.com/QdQjTTR/OI.png,OneNote
https://energizett.com/1llNOC1/300123.gif,OneNote
https://codezian.com/Nt57/300123.gif,OneNote
https://casualscollection.com/l2iy4Dn/09.gif,OneNote
http://waojernote.com/images/1.gif,OneNote
http://notefudeal.com/images/15093.png,OneNote
http://172.86.75.220/arxiv.rar,YoroTrooper
http://162.33.177.195/,YoroTrooper
http://168.100.11.137/,YoroTrooper
http://45.61.136.175/,YoroTrooper
http://mail.mfa.az-link.email/+csco+0075676763663a2f2f31302e3130302e3230302e32++/+csco+0075676763663a2f2f31302e3130302e3230302e32++/_task=login,YoroTrooper
http://143.198.80.235/upd.exe,YoroTrooper
http://172.86.75.220/02.08.2022.exe,YoroTrooper
http://172.86.75.220/123.hta,YoroTrooper
http://178.20.45.52/sec/pes.exe,YoroTrooper
http://193.149.176.254/file.exe,YoroTrooper
http://193.149.176.254/hstart.exe,YoroTrooper
http://212.24.106.218/spoolsv.exe,YoroTrooper
http://45.61.136.64/update.exe,YoroTrooper
http://45.61.137.32/attachments/download/02.08.2022.exe,YoroTrooper
http://45.61.137.32/Scanned_document.exe,YoroTrooper
http://45.61.137.32/svvhost.rar,YoroTrooper
http://45.61.137.32/www.exe,YoroTrooper
http://89.22.233.149/ms7.hta,YoroTrooper
http://89.22.233.149/Spisok_sotrudnikov_1_chast.exe,YoroTrooper
http://94.103.86.38/file.exe,YoroTrooper
http://94.103.86.38/ms1.hta,YoroTrooper
http://94.103.86.38/wz.exe,YoroTrooper
http://account.mail.ru.sigriup.site/,YoroTrooper
http://account.nail.ru.horme.info/,YoroTrooper
http://becloud.website/svchest.exe,YoroTrooper
http://e.mail.ru.autn.tech/,YoroTrooper
http://e.mail.ru.portal-inbox.com/,YoroTrooper
http://e.nail.ru.imbox.link/home/files/%D0%98%D0%BD%D1%84%D0%BE%D1%80%D0%BC%D0%B0%D1%86%D0%B8%D0%BE%D0%BD%D0%BD%D0%BE%D0%B5%20%D0%BF%D0%B8%D1%81%D1%8C%D0%BC%D0%BE.rar,YoroTrooper
http://iacis.ru/download/spoolsv.exe,YoroTrooper
http://iacis.ru/log/spoolsv.exe,YoroTrooper
http://mfa-tj.download/26478_0001.rar,YoroTrooper
https://45.61.139.224/,YoroTrooper
https://api.telegram.org/bot5885840251:AAG8HoCjrI1QANXkA4oqnJ60lgPP7w86Clg/sendMessage?chat_id=5683385422,YoroTrooper
https://api.telegram.org/bot5974645737:AAEj2Y0MFGEHmvrFSINWeZcAsbjuUkLysnA/sendMessage?chat_id=5683385422,YoroTrooper
https://attachment-posts.cc/files.rar,YoroTrooper
https://becloud.website/obfuscated_compressed_some.exe,YoroTrooper
https://becloud.website/svchest.exe,YoroTrooper
https://capitaltrust.uz/file.pdf,YoroTrooper
https://capitaltrust.uz/lsaasc.exe,YoroTrooper
https://capitaltrust.uz/lsaca.exe,YoroTrooper
https://capitaltrust.uz/lsacs.exe,YoroTrooper
https://capitaltrust.uz/s.hta,YoroTrooper
https://capitaltrust.uz/stel.hta,YoroTrooper
https://cloud.archive-downloader.com/lsacs.exe,YoroTrooper
https://cloud.archive-downloader.com/s.hta,YoroTrooper
https://e-aks.uz/file.pdf,YoroTrooper
https://e-aks.uz/lsacs.exe,YoroTrooper
https://e-aks.uz/s.hta,YoroTrooper
https://e.nail.ru.imbox.link/,YoroTrooper
https://iacis.ru/download/spoolsv.exe,YoroTrooper
https://iacis.ru/log/spoolsv.exe,YoroTrooper
https://mail.mfa.az-link.email/+CSCO+0075676763663A2F2F31302E3130302E3230302E32++/+CSCO+0075676763663A2F2F31302E3130302E3230302E32++/_task=login/,YoroTrooper
https://mfa-tj.download/lo.hta,YoroTrooper
https://portal-inbox.com/,YoroTrooper
https://telegram.akipress.news/1r.exe,YoroTrooper
https://ocs-romastassec.com/goog_comredira3cf7ed34f8.php,Winter_Vivern
https://natply.com/wordpress/wp-includes/fonts/ch/097214o,Winter_Vivern
https://marakanas.com/Kkdn7862Jj6h2oDASGmpqU4Qq4q4.php?idU=$a,Winter_Vivern
https://literaturaelsalvador.com/Instructions.html,Nobelium
https://literaturaelsalvador.com/Schedule.html,Nobelium
https://oscp-avanguard.com/asn15180YHASIFHOP_,Winter_Vivern
https://oscp-avanguard.com/settingPopImap/SettingupPOPandIMAPaccounts.html,Winter_Vivern
https://troadsecow.com/cbzc.policja.gov.pl,Winter_Vivern
https://bugiplaysec.com/mgu/auth.js,Winter_Vivern
https://nepalihemp.com/assets/img/images/623930va,Winter_Vivern
https://ocspdep.com/inotes.sejm.gov.pl,Winter_Vivern
https://ocs-romastassec.com/redirect/?id=target,Winter_Vivern
https://ocspdep.com/inotes.sejm.gov.pl?id=Target,Winter_Vivern
http://helthbrotthersg.com/view.png,IcedID
http://104.156.149.6/webdav/c2.dll,IcedID
http://lepriconloots.com/botpackn1.dat,IcedID
http://94.131.11.141/webdav/Labels_FDA_toCheck.bat,IcedID
http://94.131.11.141/webdav/fda.dll,IcedID
http://segurda.top/dll/loader_p1_dll_64_n1_x64_inf.dll53.dll,IcedID
http://segurda.top/gatef.php,IcedID
http://xyktza.nbxyk.net/bwzysov/index/X3hFHbueMtgoEi/etaJ35/,emotet
http://arlex.su/services/IE2h6fBsQRQOhHBI691U/,emotet
http://api.660011.cc/wp-includes/b028GIRSxa4lY/,emotet
http://www.garrett.kz/faq/B0faEHvS9msSo9xbVe/,emotet
http://abrokov.com/lang/SZnqErcEtuE/,emotet
http://rref.su/uchastniki/rNNdVArBjNc100n3p/,emotet
http://mealux.by/pab4/wxuGxcqF85M/,emotet
totalmassasje.no/schedule.php,Kampania_szpiegowska_rosja
signitivelogics.com/Schedule.html,Kampania_szpiegowska_rosja
humanecosmetics.com/category/noteworthy/6426-7346-9789,Kampania_szpiegowska_rosja
signitivelogics.com/BMW.html,Kampania_szpiegowska_rosja
literaturaelsalvador.com/Instructions.html,Kampania_szpiegowska_rosja
literaturaelsalvador.com/Schedule.htm,Kampania_szpiegowska_rosja
parquesanrafael.cl/note.html,Kampania_szpiegowska_rosja
inovaoftalmologia.com.br/form.html,Kampania_szpiegowska_rosja
sawabfoundation.net/p.php?ip=<IP>&ua=<USER_AGENT>,Kampania_szpiegowska_rosja
sawabfoundation.net/note.html,Kampania_szpiegowska_rosja
pateke.com/auth/login.php,Kampania_szpiegowska_rosja
pateke.com/index.php,Kampania_szpiegowska_rosja
gatewan.com/c/msdownload/update/others/2021/10/se9fW4z8WJtmMyPQu,Kampania_szpiegowska_rosja
gatewan.com/c/msdownload/update/others/2021/10/8PaDBDxLtokI3eH8,Kampania_szpiegowska_rosja
sharpledge.com/login.php,Kampania_szpiegowska_rosja
sylvio.com.br/form.php,Kampania_szpiegowska_rosja
https://firebasestorage.googleapis.com/v0/b/logical-waters-377622.appspot.com/o/MCRERY0iJA%2FDocs_Inv_April_11_450.zip?alt=media&token=799ca8a7-44ce-44e8-b93d-a346faaf0ea3,IcedID
http://95.179.201.171/robots.php,More_eggs
http://95.179.180.224/robots.php,More_eggs
http://172.86.75.75/robots.php,More_eggs
http://95.179.186.167/Writer.php,More_eggs
http://193.149.185.229/sas.php,More_eggs
ukmedia.store/static-directory/html.mp3,More_eggs
http://193.149.185.229/api/SharpChrome.exe,More_eggs
https://t.me/zaskullz,Vidar
https://steamcommunity.com/profiles/76561199486572327,Vidar
https://app4j.org/Date2023.zip,Vidar
https://app4j.org/Wyciek-NFZ-16-03-2023.xlsx,Vidar
https://73cceb63-7ecd-45e2-9eab-f8d98aab177f.usrfiles.com/ugd/73cceb_b5b6005e2aa74cf48cd55dca1a2ff093.docx,Xworm
https://73cceb63-7ecd-45e2-9eab-f8d98aab177f.usrfiles.com/ugd/73cceb_16620dd76e094b4888c85467a58e79df.txt,Xworm
https://73cceb63-7ecd-45e2-9eab-f8d98aab177f.usrfiles.com/ugd/73cceb_e5a698286daf43ac87b4544a35b1a482.txt,Xworm
https://529f38d0-3744-4286-b484-be860d475d25.usrfiles.com/ugd/529f38_41875cf4c8844415994858b3623063f9.txt,Xworm
https://42502d2a-e7ed-4a16-9f11-33ffe6c54021.usrfiles.com/ugd/42502d_fb4a2f640cf14ab2a8bcbde16bd178ba.txt,Xworm
https://powpowpowff.blogspot.com/atom.xml,Xworm
https://huskidkifklaoksikfkfijsju.blogspot.com/atom.xml,Xworm
https://backuphotelall.blogspot.com/atom.xml,Xworm
https://3000allfitheyito.blogspot.com/atom.xml,Xworm
https://urlintimacygoombguch.blogspot.com/atom.xml,Xworm
https://port5000duki.blogspot.com/atom.xml,Xworm
https://bakc5002.blogspot.com/atom.xml,Xworm
https://billielishhui.blogspot.com/atom.xml,Xworm
https://doccallingupdate.blogspot.com/atom.xml,Xworm
https://urlpropogationintimitacyi.blogspot.com/atom.xml,Xworm
https://www.mediafire.com/file/t820jnuwf9mri17/excelDNALibrary-AddIn64-packed.xll/file,Xworm
https://www.mediafire.com/file/giv692dqvctosb3/50002023.txt/file,Xworm
https://www.mediafire.com/file/q1zrci43zt8hlix/7000.txt/file,Xworm
https://www.mediafire.com/file/79jzbqigitjp2v2,Xworm
packinstall.kozow.com,Russia-Ukraine
robot-876.frge.io,Russia-Ukraine
setnewcred.ukr.net.frge.io,Russia-Ukraine
panelunregistertle-348.frge.io,Russia-Ukraine
settings-panel.frge.io,Russia-Ukraine
ukrprivacysite.frge.io,Russia-Ukraine
config-panel.frge.io,Russia-Ukraine
smtp-relay.frge.io,Russia-Ukraine
https://73cceb63-7ecd-45e2-9eab-f8d98aab177f.usrfiles.com/ugd/73cceb_b5b6005e2aa74cf48cd55dca1a2ff093.docx,MEME4CHAN
https://73cceb63-7ecd-45e2-9eab-f8d98aab177f.usrfiles.com/ugd/73cceb_16620dd76e094b4888c85467a58e79df.txt,MEME4CHAN
https://73cceb63-7ecd-45e2-9eab-f8d98aab177f.usrfiles.com/ugd/73cceb_e5a698286daf43ac87b4544a35b1a482.txt,MEME4CHAN
https://529f38d0-3744-4286-b484-be860d475d25.usrfiles.com/ugd/529f38_41875cf4c8844415994858b3623063f9.txt,MEME4CHAN
https://42502d2a-e7ed-4a16-9f11-33ffe6c54021.usrfiles.com/ugd/42502d_fb4a2f640cf14ab2a8bcbde16bd178ba.txt,MEME4CHAN
https://powpowpowff.blogspot.com/atom.xml,MEME4CHAN
https://huskidkifklaoksikfkfijsju.blogspot.com/atom.xml,MEME4CHAN
https://backuphotelall.blogspot.com/atom.xml,MEME4CHAN
https://3000allfitheyito.blogspot.com/atom.xml,MEME4CHAN
https://urlintimacygoombguch.blogspot.com/atom.xml,MEME4CHAN
https://port5000duki.blogspot.com/atom.xml,MEME4CHAN
https://bakc5002.blogspot.com/atom.xml,MEME4CHAN
https://billielishhui.blogspot.com/atom.xml,MEME4CHAN
https://doccallingupdate.blogspot.com/atom.xml,MEME4CHAN
https://urlpropogationintimitacyi.blogspot.com/atom.xml,MEME4CHAN
https://www.mediafire.com/file/t820jnuwf9mri17/excelDNALibrary-AddIn64-packed.xll/file,MEME4CHAN
https://www.mediafire.com/file/giv692dqvctosb3/50002023.txt/file,MEME4CHAN
https://www.mediafire.com/file/q1zrci43zt8hlix/7000.txt/file,MEME4CHAN
https://www.mediafire.com/file/79jzbqigitjp2v2,MEME4CHAN
http://qweastradoc.com/gate.php,MOVEit
http://connectzoomdownload.com/download/ZoomInstaller.exe,MOVEit
https://connectzoomdownload.com/download/ZoomInstaller.exe,MOVEit
http://zoom.voyage/download/Zoom.exe,MOVEit
http://guerdofest.com/gate.php,MOVEit
https://wuzhenfestival.site/5109c46d40f801a862c96e628f83faca.png,Russia-Ukraine
https://onyangdol.site/thumb_d_F3D14F4982A256B5CDAE9BD579429AE7.jpg,Russia-Ukraine
https://kebhana.site/Believe-Me-Lyrics.jpg,Russia-Ukraine
https://wordrow.website/pictures-91.jpg,Russia-Ukraine
https://ellechina.online/01_logo_HLW-300x168.jpg,Russia-Ukraine
https://sellmyhousequickly.website/dangjiansigeyishibiaoyuxuanchuanguahua.jpg,Russia-Ukraine
https://frivol.space/memnet-profiles/A10818.jpg,Russia-Ukraine
https://wordrow.website/pictures-91.jpg,Russia-Ukraine
https://simplifymedia.pw/images/bnd/news/23908t5.png,Russia-Ukraine
https://hssenglish.pw/fonini/pundit/leaf_background.jpg,Russia-Ukraine
https://mingxing.pw/content/_processed_/f/a/_742fa0bbd1.jpg,Russia-Ukraine
https://mingxing.pw/datastream/thumb_b/43950sec.jpg,Russia-Ukraine
https://carpetmarker.pw/images/Carpet_Shop_3b09adf.jpg,Russia-Ukraine
https://bourns.space/p/covers/assets/images/lee-leopard.jpg,Russia-Ukraine
https://www.adelaida.ua/plugins/vmsearch/wp-config-plugins.php,Turla
https://www.adelaida.ua/plugins/vmsearch/wp-config-themes.php,Turla
https://www.adelaida.ua/plugins/vmsearch/wp-file-script.js,Turla
https://atomydoc.kg/src/open_center/,Turla
https://atomydoc.kg/src/open_center/?page=ccl,Turla
https://atomydoc.kg/src/open_center/?page=fst,Turla
https://atomydoc.kg/src/open_center/?page=snd,Turla
https://atomydoc.kg/src/open_center/?page=trd,Turla
https://aleimportadora.net/images/slides_logo/,Turla
https://aleimportadora.net/images/slides_logo/?page=,Turla
https://aleimportadora.net/images/slides_logo/fg/message,Turla
https://aleimportadora.net/images/slides_logo/fg/music,Turla
https://aleimportadora.net/images/slides_logo/fg/video,Turla
https://aleimportadora.net/images/slides_logo/index.php,Turla
https://octoberoctopus.co.za/wp-includes/sitemaps/web/,Turla
https://sansaispa.com/wp-includes/images/gallery/,Turla
https://www.pierreagencement.fr/wp-content/languages/index.php,Turla
https://mail.aet.in.ua/outlook/api/logon.aspx,Turla
https://mail.kzp.bg/outlook/api/logon.aspx,Turla
https://mail.numina.md/owa/scripts/logon.aspx,Turla
https://mail.aet.in.ua/outlook/api/logoff.aspx,Turla
https://mail.arlingtonhousing.us/outlook/api/logoff.aspx,Turla
https://mail.kzp.bg/outlook/api/logoff.aspx,Turla
https://mail.lechateaudelatour.fr/MICROSOFT.EXCHANGE.MAILBOXREPLICATIONSERVICE.PROXYSERVICE/RPCWITCHERT/SYNC,Turla
https://mail.lebsack.de/MICROSOFT.EXCHANGE.MAILBOXREPLICATIONSERVICE.PROXYSERVICE/RPCWITCHERT/SYNC,Turla
http://185.225.68.37/jay/nl/VCRUNTIME140_1.dll,MigdeDropper
http://185.225.68.37/jay/nl/seAgnt.exe,MigdeDropper
http://185.225.68.37/jay/nl/35g3498734gkb.dat,MigdeDropper
http://doctorproff.ru/194_Hmoczcsvbok,DBatLoader
https://travelinspiration.sa.com/.xleet2/255_Oyvdqiogydx,DBatLoader
https://onedrive.live.com/download?resid=168DC93239B65DF6%21216&authkey=!AFhcwjWlnon5LwE,DBatLoader
https://onedrive.live.com/download?resid=B044AF3D48F7B886%21365&authkey=!AIpyTdc7_NVF6I8,DBatLoader
https://onedrive.live.com/download?resid=F253EE082321791B%21110&authkey=!AMAFiW2uLt6IzGM,DBatLoader
https://transfer.sh/get/6eSIqx4VYA/255_Xwgdedwtiyw,DBatLoader
https://onedrive.live.com/download?resid=2F714EB1E9F0F34B%21131&authkey=!AB-Xgr3iPCVl3gc,DBatLoader
https://onedrive.live.com/download?resid=D94EF82AD5BE7BDF%21120&authkey=!AI3c0hhcpsQ92lg,DBatLoader
https://onedrive.live.com/download?resid=8AC261C876D2C5D0!230&authkey=!AJjFtmZbzh4E0lA,DBatLoader
https://biototec.co/youtubedrivedocumentsuploadgifterssocialiseapartmentsroomsdoors/211_Wbroctgfmht,DBatLoader
https://onedrive.live.com/download?resid=DDFE20447411E22A!138&authkey=!ANsuuB_STyMMWaM,DBatLoader
https://onedrive.live.com/download?resid=F21FE0453B44A092%21131&authkey=!AHYgqFp_4Em3JLI,DBatLoader
https://onedrive.live.com/download?resid=445E8B425B247567%21164&authkey=!AMMd_FSLiwAEKhQ,DBatLoader
https://onedrive.live.com/download?resid=445E8B425B247567%21152&authkey=!APbQBxaFQ4ZpNjQ,DBatLoader
https://onedrive.live.com/download?resid=26943FEBC022618F%21339&authkey=!AMGXtmXOj3JDCls,DBatLoader
https://onedrive.live.com/download?resid=4949CD367CC71D79!665&authkey=!AHrzsEuO8nQG9Ck,DBatLoader
https://onedrive.live.com/download?resid=B044AF3D48F7B886%21307&authkey=!AND2XupI-UzvwZc,DBatLoader
https://ariso.eu/vorpruefung/255_Pbtrfmfsxud,DBatLoader
https://onedrive.live.com/download?resid=E0CF7F9E6AAF27EF%211585&authkey=!APMIaCFn0CdoKkc,DBatLoader
http://balkancelikdovme.com/hjghgynyvbtvyugjhbugvdveksk/Xezdxpgykmk,DBatLoader
https://balkancelikdovme.com/work/Elpuxpkilck,DBatLoader
https://onedrive.live.com/download?resid=B044AF3D48F7B886%21367&authkey=!AF8bdRvVB0L2ejQ,DBatLoader
https://onedrive.live.com/download?resid=B044AF3D48F7B886!369&authkey=!AA6HUemo3mWPD8E,DBatLoader
http://chibb.ydns.eu/chibbori/inc/8fcde15698ce9a.php,DBatLoader
http://jimbo.ydns.eu/jimboori/inc/def4f4924bdf6e.php,DBatLoader
https://geupdate-service[.]bond/img/3344379399.png,HijackLoader
https://www.4sync[.]com/web/directDownload/KFtZysVO/4jBKM7R0.baa89a7b43a7b73227f22ae561718f7f,HijackLoader
http://5.188.87.58:2351/wbzadczl,DarkGate_Loader
http://5.188.87.58:2351/msiwbzadczl,DarkGate_Loader
https://burapha-my.sharepoint.com/:u:/g/personal/63090101_my_buu_ac_th/EWkB0l3nR4dCjDmwAe7jb7kBWPPkDObt8wVbmB1O6UztmA,DarkGate_Loader
https://unadvirtualedu-my.sharepoint.com/personal/adriverar_unadvirtual_edu_co/Documents/Microsoft%20Teams%20Chat%20Files/Changes%20to%20the%20vacation%20schedule.zip,DarkGate_Loader